ablation_id,test_type,step,feature,feature_set,n_features,roc_auc_drop,pr_auc_drop,probability_shift,recall_change,cost_change,perturbed_roc_auc,perturbed_pr_auc,perturbed_recall,perturbed_expected_cost
A0,topk_deletion,1,recent_delay,recent_delay,1,5.434545097138255e-05,-0.000902722580931381,0.012923357832229537,-0.0045214770158251705,15.0,0.7852891057044823,0.5648195051238949,0.8048229088168802,3262.0
A0,topk_deletion,2,PAY_0,"recent_delay, PAY_0",2,0.014636584551281584,0.05664133441678176,0.046667282004619434,-0.015071590052750605,50.0,0.7707068666041721,0.5072754481261817,0.7942727957799548,3297.0
A0,topk_deletion,3,delay_count,"recent_delay, PAY_0, delay_count",3,0.01733950474039092,0.06792668008864583,0.055614529722912885,-0.02110022607385087,73.0,0.7680039464150628,0.4959901024543177,0.7882441597588545,3320.0
A0,topk_deletion,4,utilization_proxy,"recent_delay, PAY_0, delay_count, utilization_proxy",4,0.033325775499103316,0.08970086442278896,0.07460742348739241,-0.09269027882441605,192.0,0.7520176756563504,0.47421591812017455,0.7166541070082894,3439.0
A0,topk_deletion,5,LIMIT_BAL,"recent_delay, PAY_0, delay_count, utilization_proxy, LIMIT_BAL",5,0.03648434278530288,0.09402114347063567,0.08518678879831743,-0.10474755086661647,218.0,0.7488591083701508,0.46989563907232784,0.7045968349660889,3465.0
A0,topk_deletion,6,max_delay,"recent_delay, PAY_0, delay_count, utilization_proxy, LIMIT_BAL, max_delay",6,0.05298076735454249,0.12525486161306731,0.0986619667385168,-0.1921627731725698,511.0,0.7323626838009112,0.4386619209298962,0.6171816126601356,3758.0
A0,topk_deletion,7,BILL_AMT1,"recent_delay, PAY_0, delay_count, utilization_proxy, LIMIT_BAL, max_delay, BILL_AMT1",7,0.043616014072407894,0.10488658958311109,0.10324927282168096,-0.2223059532780709,533.0,0.7417274370830458,0.4590301929598524,0.5870384325546345,3780.0
A0,topk_deletion,8,PAY_AMT1,"recent_delay, PAY_0, delay_count, utilization_proxy, LIMIT_BAL, max_delay, BILL_AMT1, PAY_AMT1",8,0.04301136045692755,0.10404316773350519,0.1036195949131361,-0.22456669178598343,521.0,0.7423320906985261,0.4598736148094583,0.584777694046722,3768.0
A0,topk_deletion,9,bill_volatility,"recent_delay, PAY_0, delay_count, utilization_proxy, LIMIT_BAL, max_delay, BILL_AMT1, PAY_AMT1, bill_volatility",9,0.042661501537395785,0.09010562048034326,0.11017021326195221,-0.25998492840994736,640.0,0.7426819496180579,0.47381116206262025,0.549359457422758,3887.0
A0,topk_deletion,10,payment_to_bill_ratio,"recent_delay, PAY_0, delay_count, utilization_proxy, LIMIT_BAL, max_delay, BILL_AMT1, PAY_AMT1, bill_volatility, payment_to_bill_ratio",10,0.04587288228114139,0.09551514204718109,0.112321340180569,-0.2690278824415976,687.0,0.7394705688743123,0.4684016404957824,0.5403165033911078,3934.0
A1,topk_deletion,1,recent_delay,recent_delay,1,0.0005209583957351827,0.0047631160516861115,0.023532596664315727,0.0022607385079126407,-22.0,0.7810508055785849,0.5396773791267686,0.7581009796533534,3348.0
A1,topk_deletion,2,PAY_0,"recent_delay, PAY_0",2,0.01065759447037462,0.04466540327544721,0.04568576285905573,0.0007535795026375469,-13.0,0.7709141695039454,0.4997750919030075,0.7565938206480783,3357.0
A1,topk_deletion,3,delay_count,"recent_delay, PAY_0, delay_count",3,0.010853689628775531,0.048487448112461196,0.03911623772077757,0.005275056518462717,-12.0,0.7707180743455445,0.4959530470659935,0.7611152976639035,3358.0
A1,topk_deletion,4,utilization_proxy,"recent_delay, PAY_0, delay_count, utilization_proxy",4,0.01778781439528765,0.05397093697615529,0.0532802345737724,-0.024114544084400835,1.0,0.7637839495790324,0.4904695582022994,0.73172569706104,3371.0
A1,topk_deletion,5,LIMIT_BAL,"recent_delay, PAY_0, delay_count, utilization_proxy, LIMIT_BAL",5,0.023054324003063398,0.061578687746799476,0.06320200942349433,-0.021853805576488305,-16.0,0.7585174399712566,0.48286180743165524,0.7339864355689525,3354.0
A1,topk_deletion,6,max_delay,"recent_delay, PAY_0, delay_count, utilization_proxy, LIMIT_BAL, max_delay",6,0.026047516630595013,0.0667763421244505,0.07553205603244138,-0.028636021100226006,-24.0,0.755524247343725,0.4776641530540042,0.7272042200452148,3346.0
A1,topk_deletion,7,BILL_AMT1,"recent_delay, PAY_0, delay_count, utilization_proxy, LIMIT_BAL, max_delay, BILL_AMT1",7,0.023540288443722246,0.05778543379135537,0.07996400975797817,-0.06631499623210246,60.0,0.7580314755305978,0.48665506138709935,0.6895252449133383,3430.0
A1,topk_deletion,8,PAY_AMT1,"recent_delay, PAY_0, delay_count, utilization_proxy, LIMIT_BAL, max_delay, BILL_AMT1, PAY_AMT1",8,0.02414171680988675,0.05761593348897681,0.08195178036842118,-0.07008289374529009,53.0,0.7574300471644333,0.4868245616894779,0.6857573474001507,3423.0
A1,topk_deletion,9,bill_volatility,"recent_delay, PAY_0, delay_count, utilization_proxy, LIMIT_BAL, max_delay, BILL_AMT1, PAY_AMT1, bill_volatility",9,0.025886899214668024,0.05615100509100973,0.08584587163250645,-0.07987942727957797,49.0,0.755684864759652,0.488289490087445,0.6759608138658628,3419.0
A1,topk_deletion,10,payment_to_bill_ratio,"recent_delay, PAY_0, delay_count, utilization_proxy, LIMIT_BAL, max_delay, BILL_AMT1, PAY_AMT1, bill_volatility, payment_to_bill_ratio",10,0.028963706430711778,0.05966448801507207,0.08690951123125873,-0.08590806330067813,80.0,0.7526080575436083,0.48477600716338265,0.6699321778447627,3450.0
A2,topk_deletion,1,recent_delay,recent_delay,1,0.0003533260625462331,0.004010123019996259,0.02356756073179654,0.0022607385079126407,-24.0,0.781222066317254,0.5409121342314226,0.7581009796533534,3347.0
A2,topk_deletion,2,PAY_0,"recent_delay, PAY_0",2,0.010646144835303573,0.0434890166080133,0.045704761424480315,0.0007535795026375469,-14.0,0.7709292475444967,0.5014332406434056,0.7565938206480783,3357.0
A2,topk_deletion,3,delay_count,"recent_delay, PAY_0, delay_count",3,0.010646628622700827,0.046638410063438274,0.03910931648314422,0.006028636021100264,-16.0,0.7709287637570994,0.4982838471879806,0.7618688771665411,3355.0
A2,topk_deletion,4,utilization_proxy,"recent_delay, PAY_0, delay_count, utilization_proxy",4,0.01756115999961938,0.0513654576286644,0.053232506551811665,-0.024114544084400835,0.0,0.7640142323801808,0.49355679962275445,0.73172569706104,3371.0
A2,topk_deletion,5,LIMIT_BAL,"recent_delay, PAY_0, delay_count, utilization_proxy, LIMIT_BAL",5,0.0228848371515179,0.058476629707453265,0.06318415523734838,-0.021853805576488305,-16.0,0.7586905552282823,0.4864456275439656,0.7339864355689525,3355.0
A2,topk_deletion,6,max_delay,"recent_delay, PAY_0, delay_count, utilization_proxy, LIMIT_BAL, max_delay",6,0.02618797623829816,0.06725632905660583,0.07538435766412278,-0.028636021100226006,-23.0,0.7553874161415021,0.477665928194813,0.7272042200452148,3348.0
A2,topk_deletion,7,BILL_AMT1,"recent_delay, PAY_0, delay_count, utilization_proxy, LIMIT_BAL, max_delay, BILL_AMT1",7,0.023527871233856246,0.05816963442219397,0.07986054895006313,-0.06631499623210246,59.0,0.758047521145944,0.4867526228292249,0.6895252449133383,3430.0
A2,topk_deletion,8,PAY_AMT1,"recent_delay, PAY_0, delay_count, utilization_proxy, LIMIT_BAL, max_delay, BILL_AMT1, PAY_AMT1",8,0.02409809531289031,0.057073944204314664,0.08174788128451348,-0.07008289374529009,53.0,0.7574772970669099,0.4878483130471042,0.6857573474001507,3424.0
A2,topk_deletion,9,bill_volatility,"recent_delay, PAY_0, delay_count, utilization_proxy, LIMIT_BAL, max_delay, BILL_AMT1, PAY_AMT1, bill_volatility",9,0.026028729553330465,0.05600599740258183,0.08564439074002977,-0.07912584777694043,46.0,0.7555466628264698,0.488916259848837,0.6767143933685004,3417.0
A2,topk_deletion,10,payment_to_bill_ratio,"recent_delay, PAY_0, delay_count, utilization_proxy, LIMIT_BAL, max_delay, BILL_AMT1, PAY_AMT1, bill_volatility, payment_to_bill_ratio",10,0.028904926261931307,0.06031600098505674,0.0867522996544349,-0.08590806330067813,82.0,0.7526704661178689,0.4846062562663621,0.6699321778447627,3453.0
A3,topk_deletion,1,recent_delay,recent_delay,1,0.00044742271133468847,0.004220469504307212,0.02368492306255854,0.0022607385079126407,-24.0,0.7811094244848996,0.5408650643937487,0.7581009796533534,3347.0
A3,topk_deletion,2,PAY_0,"recent_delay, PAY_0",2,0.01079079726711718,0.04521553148147933,0.04582323551632601,0.0007535795026375469,-14.0,0.7707660499291171,0.4998700024165766,0.7565938206480783,3357.0
A3,topk_deletion,3,delay_count,"recent_delay, PAY_0, delay_count",3,0.010576721343780737,0.048260446478722796,0.039123478049409216,0.005275056518462717,-11.0,0.7709801258524536,0.4968250874193331,0.7611152976639035,3360.0
A3,topk_deletion,4,utilization_proxy,"recent_delay, PAY_0, delay_count, utilization_proxy",4,0.017683719473619908,0.05205317713816132,0.05329391611975153,-0.024114544084400835,-1.0,0.7638731277226144,0.4930323567598946,0.73172569706104,3370.0
A3,topk_deletion,5,LIMIT_BAL,"recent_delay, PAY_0, delay_count, utilization_proxy, LIMIT_BAL",5,0.023048841079226445,0.05916234470946702,0.06310573553920971,-0.021853805576488305,-16.0,0.7585080061170079,0.4859231891885889,0.7339864355689525,3355.0
A3,topk_deletion,6,max_delay,"recent_delay, PAY_0, delay_count, utilization_proxy, LIMIT_BAL, max_delay",6,0.026230872054198384,0.06770586810941442,0.07541178928773751,-0.028636021100226006,-23.0,0.7553259751420359,0.4773796657886415,0.7272042200452148,3348.0
A3,topk_deletion,7,BILL_AMT1,"recent_delay, PAY_0, delay_count, utilization_proxy, LIMIT_BAL, max_delay, BILL_AMT1",7,0.023393055812455543,0.05834929148290868,0.07982304566692139,-0.06631499623210246,59.0,0.7581637913837788,0.48673624241514724,0.6895252449133383,3430.0
A3,topk_deletion,8,PAY_AMT1,"recent_delay, PAY_0, delay_count, utilization_proxy, LIMIT_BAL, max_delay, BILL_AMT1, PAY_AMT1",8,0.024130750962212733,0.05807535266848629,0.08170696581455726,-0.07008289374529009,53.0,0.7574260962340216,0.4870101812295696,0.6857573474001507,3424.0
A3,topk_deletion,9,bill_volatility,"recent_delay, PAY_0, delay_count, utilization_proxy, LIMIT_BAL, max_delay, BILL_AMT1, PAY_AMT1, bill_volatility",9,0.02585779133959276,0.055301688282043515,0.08560353921618442,-0.07987942727957797,51.0,0.7556990558566415,0.4897838456160124,0.6759608138658628,3422.0
A3,topk_deletion,10,payment_to_bill_ratio,"recent_delay, PAY_0, delay_count, utilization_proxy, LIMIT_BAL, max_delay, BILL_AMT1, PAY_AMT1, bill_volatility, payment_to_bill_ratio",10,0.028962093806053746,0.06049444696569145,0.0866893443726422,-0.08590806330067813,81.0,0.7525947533901806,0.48459108693236447,0.6699321778447627,3452.0
A4,topk_deletion,1,recent_delay,recent_delay,1,0.0007913955508652704,0.0047328857026761595,0.023503015283204292,0.0022607385079126407,-22.0,0.7808476148716892,0.5393798158446808,0.7581009796533534,3348.0
A4,topk_deletion,2,PAY_0,"recent_delay, PAY_0",2,0.011106549175134317,0.0450084663884146,0.045661684595663235,0.0,-8.0,0.7705324612474201,0.4991042351589423,0.7558402411454408,3362.0
A4,topk_deletion,3,delay_count,"recent_delay, PAY_0, delay_count",3,0.010717745370114495,0.04813574670160675,0.0391190230637537,0.005275056518462717,-12.0,0.77092126505244,0.49597695484575016,0.7611152976639035,3358.0
A4,topk_deletion,4,utilization_proxy,"recent_delay, PAY_0, delay_count, utilization_proxy",4,0.017849981075849564,0.05441324983893414,0.053268130177065665,-0.024114544084400835,1.0,0.7637890293467049,0.4896994517084228,0.73172569706104,3371.0
A4,topk_deletion,5,LIMIT_BAL,"recent_delay, PAY_0, delay_count, utilization_proxy, LIMIT_BAL",5,0.023183253344462695,0.06117665875525924,0.06321475114262672,-0.021853805576488305,-17.0,0.7584557570780918,0.4829360427920977,0.7339864355689525,3353.0
A4,topk_deletion,6,max_delay,"recent_delay, PAY_0, delay_count, utilization_proxy, LIMIT_BAL, max_delay",6,0.025973094002632813,0.06630073233629347,0.07558098418042106,-0.028636021100226006,-23.0,0.7556659164199216,0.47781196921106345,0.7272042200452148,3347.0
A4,topk_deletion,7,BILL_AMT1,"recent_delay, PAY_0, delay_count, utilization_proxy, LIMIT_BAL, max_delay, BILL_AMT1",7,0.023410310896295305,0.057598494408997114,0.08003990114244995,-0.06706857573474001,64.0,0.7582286995262592,0.4865142071383598,0.6887716654107008,3434.0
A4,topk_deletion,8,PAY_AMT1,"recent_delay, PAY_0, delay_count, utilization_proxy, LIMIT_BAL, max_delay, BILL_AMT1, PAY_AMT1",8,0.024217429537574997,0.05783058850323808,0.08201196202584651,-0.07008289374529009,51.0,0.7574215808849795,0.48628211304411884,0.6857573474001507,3421.0
A4,topk_deletion,9,bill_volatility,"recent_delay, PAY_0, delay_count, utilization_proxy, LIMIT_BAL, max_delay, BILL_AMT1, PAY_AMT1, bill_volatility",9,0.025822071703420324,0.05688806826295034,0.0859194454656641,-0.07987942727957797,48.0,0.7558169387191341,0.48722463328440657,0.6759608138658628,3418.0
A4,topk_deletion,10,payment_to_bill_ratio,"recent_delay, PAY_0, delay_count, utilization_proxy, LIMIT_BAL, max_delay, BILL_AMT1, PAY_AMT1, bill_volatility, payment_to_bill_ratio",10,0.029108923281155663,0.06046639889539707,0.08697706426101255,-0.08590806330067813,79.0,0.7525300871413988,0.48364630265195985,0.6699321778447627,3449.0
A5,topk_deletion,1,recent_delay,recent_delay,1,0.0007913955508652704,0.0047328857026761595,0.023503015283204292,0.0022607385079126407,-22.0,0.7808476148716892,0.5393798158446808,0.7581009796533534,3348.0
A5,topk_deletion,2,PAY_0,"recent_delay, PAY_0",2,0.011106549175134317,0.0450084663884146,0.045661684595663235,0.0,-8.0,0.7705324612474201,0.4991042351589423,0.7558402411454408,3362.0
A5,topk_deletion,3,delay_count,"recent_delay, PAY_0, delay_count",3,0.010717745370114495,0.04813574670160675,0.0391190230637537,0.005275056518462717,-12.0,0.77092126505244,0.49597695484575016,0.7611152976639035,3358.0
A5,topk_deletion,4,utilization_proxy,"recent_delay, PAY_0, delay_count, utilization_proxy",4,0.017849981075849564,0.05441324983893414,0.053268130177065665,-0.024114544084400835,1.0,0.7637890293467049,0.4896994517084228,0.73172569706104,3371.0
A5,topk_deletion,5,LIMIT_BAL,"recent_delay, PAY_0, delay_count, utilization_proxy, LIMIT_BAL",5,0.023183253344462695,0.06117665875525924,0.06321475114262672,-0.021853805576488305,-17.0,0.7584557570780918,0.4829360427920977,0.7339864355689525,3353.0
A5,topk_deletion,6,max_delay,"recent_delay, PAY_0, delay_count, utilization_proxy, LIMIT_BAL, max_delay",6,0.025973094002632813,0.06630073233629347,0.07558098418042106,-0.028636021100226006,-23.0,0.7556659164199216,0.47781196921106345,0.7272042200452148,3347.0
A5,topk_deletion,7,BILL_AMT1,"recent_delay, PAY_0, delay_count, utilization_proxy, LIMIT_BAL, max_delay, BILL_AMT1",7,0.023410310896295305,0.057598494408997114,0.08003990114244995,-0.06706857573474001,64.0,0.7582286995262592,0.4865142071383598,0.6887716654107008,3434.0
A5,topk_deletion,8,PAY_AMT1,"recent_delay, PAY_0, delay_count, utilization_proxy, LIMIT_BAL, max_delay, BILL_AMT1, PAY_AMT1",8,0.024217429537574997,0.05783058850323808,0.08201196202584651,-0.07008289374529009,51.0,0.7574215808849795,0.48628211304411884,0.6857573474001507,3421.0
A5,topk_deletion,9,bill_volatility,"recent_delay, PAY_0, delay_count, utilization_proxy, LIMIT_BAL, max_delay, BILL_AMT1, PAY_AMT1, bill_volatility",9,0.025822071703420324,0.05688806826295034,0.0859194454656641,-0.07987942727957797,48.0,0.7558169387191341,0.48722463328440657,0.6759608138658628,3418.0
A5,topk_deletion,10,payment_to_bill_ratio,"recent_delay, PAY_0, delay_count, utilization_proxy, LIMIT_BAL, max_delay, BILL_AMT1, PAY_AMT1, bill_volatility, payment_to_bill_ratio",10,0.029108923281155663,0.06046639889539707,0.08697706426101255,-0.08590806330067813,79.0,0.7525300871413988,0.48364630265195985,0.6699321778447627,3449.0
A6,topk_deletion,1,PAY_0,PAY_0,1,0.03244737884794402,0.07578569941382596,0.05423767441422146,-0.02562170308967604,231.0,0.7444707535198356,0.4678456857755162,0.7339864355689525,3607.0
A6,topk_deletion,2,LIMIT_BAL,"PAY_0, LIMIT_BAL",2,0.04197960320080196,0.07991457443170086,0.07922175303595883,-0.0987189148455162,382.0,0.7349385291669777,0.4637168107576413,0.6608892238131123,3758.0
A6,topk_deletion,3,BILL_AMT1,"PAY_0, LIMIT_BAL, BILL_AMT1",3,0.04818570856550419,0.07964553703443639,0.096113767318968,-0.28108515448379806,845.0,0.7287324238022754,0.4639858481549058,0.47852298417483047,4221.0
A6,topk_deletion,4,PAY_AMT1,"PAY_0, LIMIT_BAL, BILL_AMT1, PAY_AMT1",4,0.06315892851412297,0.09095402191682955,0.10326595642738437,-0.2878673700075358,865.0,0.7137592038536567,0.4526773632725126,0.4717407686510927,4241.0
A6,topk_deletion,5,PAY_AMT2,"PAY_0, LIMIT_BAL, BILL_AMT1, PAY_AMT1, PAY_AMT2",5,0.08782845737454048,0.10329425351912486,0.10944390117745845,-0.29314242652599853,949.0,0.6890896749932391,0.4403371316702173,0.46646571213263,4325.0
A6,topk_deletion,6,PAY_AMT3,"PAY_0, LIMIT_BAL, BILL_AMT1, PAY_AMT1, PAY_AMT2, PAY_AMT3",6,0.10941118074603551,0.11780875161328153,0.11258940856629768,-0.27279577995478527,973.0,0.6675069516217441,0.42582263357606065,0.48681235870384326,4349.0
A6,topk_deletion,7,BILL_AMT5,"PAY_0, LIMIT_BAL, BILL_AMT1, PAY_AMT1, PAY_AMT2, PAY_AMT3, BILL_AMT5",7,0.11678845476853905,0.11907789758293985,0.11296776897525133,-0.2735493594574228,985.0,0.6601296775992406,0.4245534876064023,0.4860587792012057,4361.0
A6,topk_deletion,8,PAY_AMT4,"PAY_0, LIMIT_BAL, BILL_AMT1, PAY_AMT1, PAY_AMT2, PAY_AMT3, BILL_AMT5, PAY_AMT4",8,0.12062908165379793,0.12222459021088261,0.11320862654040251,-0.26525998492840996,1014.0,0.6562890507139817,0.42140679497845956,0.49434815373021856,4390.0
A6,topk_deletion,9,PAY_AMT6,"PAY_0, LIMIT_BAL, BILL_AMT1, PAY_AMT1, PAY_AMT2, PAY_AMT3, BILL_AMT5, PAY_AMT4, PAY_AMT6",9,0.12396028040962592,0.12694972782988762,0.11396676386802443,-0.25320271288620955,1021.0,0.6529578519581537,0.41668165735945456,0.506405425772419,4397.0
A6,topk_deletion,10,SEX,"PAY_0, LIMIT_BAL, BILL_AMT1, PAY_AMT1, PAY_AMT2, PAY_AMT3, BILL_AMT5, PAY_AMT4, PAY_AMT6, SEX",10,0.12063940245160876,0.12448221368208046,0.11375333693935062,-0.26149208741522234,999.0,0.6562787299161709,0.4191491715072617,0.4981160512434062,4375.0
A7,topk_deletion,1,recent_delay,recent_delay,1,0.0006976214270085768,0.0062744449841579675,0.02254574042835763,0.0007535795026375469,-13.0,0.7805080767499677,0.5377125352826382,0.7528259231348907,3354.0
A7,topk_deletion,2,PAY_0,"recent_delay, PAY_0",2,0.01020791408451871,0.0472491708819785,0.04557999697604892,-0.0022607385079125297,10.0,0.7709977840924576,0.49673780938481765,0.7498116051243406,3377.0
A7,topk_deletion,3,delay_count,"recent_delay, PAY_0, delay_count",3,0.011396176563693738,0.051841851996707544,0.035894101158756124,0.0022607385079126407,23.0,0.7698095216132825,0.4921451282700886,0.7543330821401658,3390.0
A7,topk_deletion,4,utilization_proxy,"recent_delay, PAY_0, delay_count, utilization_proxy",4,0.01827523019813848,0.053902147853144455,0.04887507163785447,-0.027128862094951023,44.0,0.7629304679788378,0.4900848324136517,0.7249434815373021,3411.0
A7,topk_deletion,5,LIMIT_BAL,"recent_delay, PAY_0, delay_count, utilization_proxy, LIMIT_BAL",5,0.02328565501023927,0.058798788120487555,0.057664570660615824,-0.02110022607385076,-3.0,0.757920043166737,0.4851881921463086,0.7309721175584024,3364.0
A7,topk_deletion,6,max_delay,"recent_delay, PAY_0, delay_count, utilization_proxy, LIMIT_BAL, max_delay",6,0.0255396204945888,0.07163096371271654,0.06803017319751353,-0.024114544084400835,-13.0,0.7556660776823875,0.4723560165540796,0.7279577995478523,3354.0
A7,topk_deletion,7,BILL_AMT1,"recent_delay, PAY_0, delay_count, utilization_proxy, LIMIT_BAL, max_delay, BILL_AMT1",7,0.02550583600800571,0.06651264980212918,0.0716404846896529,-0.051996985681989405,42.0,0.7556998621689706,0.477474330464667,0.7000753579502638,3409.0
A7,topk_deletion,8,PAY_AMT1,"recent_delay, PAY_0, delay_count, utilization_proxy, LIMIT_BAL, max_delay, BILL_AMT1, PAY_AMT1",8,0.02701130175738997,0.06950788476300068,0.07305392181053531,-0.05953278070836465,68.0,0.7541943964195863,0.47447909550379547,0.6925395629238885,3435.0
A7,topk_deletion,9,bill_volatility,"recent_delay, PAY_0, delay_count, utilization_proxy, LIMIT_BAL, max_delay, BILL_AMT1, PAY_AMT1, bill_volatility",9,0.02827938915713113,0.07162964434165836,0.07640977877574251,-0.06706857573474001,68.0,0.7529263090198451,0.4723573359251378,0.6850037678975132,3435.0
A7,topk_deletion,10,payment_to_bill_ratio,"recent_delay, PAY_0, delay_count, utilization_proxy, LIMIT_BAL, max_delay, BILL_AMT1, PAY_AMT1, bill_volatility, payment_to_bill_ratio",10,0.03024251778442788,0.07434685953344361,0.07726599046552383,-0.06782215523737756,63.0,0.7509631803925484,0.46964012073335254,0.6842501883948756,3430.0
A8,topk_deletion,1,recent_delay,recent_delay,1,0.00038630423680074966,0.003435147249866488,0.023603865408085928,0.0015071590052750938,-19.0,0.7812460137934236,0.5413401488399583,0.7573474001507159,3351.0
A8,topk_deletion,2,PAY_0,"recent_delay, PAY_0",2,0.010540114764046593,0.043229632936377604,0.04579629079254399,0.0,-8.0,0.7710922032661778,0.5015456631534472,0.7558402411454408,3362.0
A8,topk_deletion,3,delay_count,"recent_delay, PAY_0, delay_count",3,0.010590025497208666,0.04646123110306438,0.03908260572961237,0.006028636021100264,-15.0,0.7710422925330157,0.4983140649867604,0.7618688771665411,3355.0
A8,topk_deletion,4,utilization_proxy,"recent_delay, PAY_0, delay_count, utilization_proxy",4,0.017582688538802738,0.051125803358163135,0.053296722401423614,-0.024114544084400835,0.0,0.7640496294914216,0.49364949273166164,0.73172569706104,3370.0
A8,topk_deletion,5,LIMIT_BAL,"recent_delay, PAY_0, delay_count, utilization_proxy, LIMIT_BAL",5,0.023132697561437765,0.05851871800816033,0.06306778716420638,-0.021853805576488305,-15.0,0.7584996204687866,0.48625657808166445,0.7339864355689525,3355.0
A8,topk_deletion,6,max_delay,"recent_delay, PAY_0, delay_count, utilization_proxy, LIMIT_BAL, max_delay",6,0.026408018872869254,0.06781040112289816,0.07524294622456294,-0.028636021100226006,-22.0,0.7552242991573551,0.4769648949669266,0.7272042200452148,3348.0
A8,topk_deletion,7,BILL_AMT1,"recent_delay, PAY_0, delay_count, utilization_proxy, LIMIT_BAL, max_delay, BILL_AMT1",7,0.023329357138468843,0.05732971721564367,0.07971805859640785,-0.06631499623210246,61.0,0.7583029608917555,0.4874455788741811,0.6895252449133383,3431.0
A8,topk_deletion,8,PAY_AMT1,"recent_delay, PAY_0, delay_count, utilization_proxy, LIMIT_BAL, max_delay, BILL_AMT1, PAY_AMT1",8,0.024323701502530937,0.05769454991923717,0.08159065510421576,-0.07008289374529009,55.0,0.7573086165276934,0.4870807461705876,0.6857573474001507,3425.0
A8,topk_deletion,9,bill_volatility,"recent_delay, PAY_0, delay_count, utilization_proxy, LIMIT_BAL, max_delay, BILL_AMT1, PAY_AMT1, bill_volatility",9,0.026031309752783338,0.055519558447678974,0.08547963057673458,-0.07912584777694043,47.0,0.755601008277441,0.4892557376421458,0.6767143933685004,3417.0
A8,topk_deletion,10,payment_to_bill_ratio,"recent_delay, PAY_0, delay_count, utilization_proxy, LIMIT_BAL, max_delay, BILL_AMT1, PAY_AMT1, bill_volatility, payment_to_bill_ratio",10,0.028715039708463452,0.05987692689067492,0.08653218055259283,-0.08440090429540315,73.0,0.7529172783217609,0.48489836919914986,0.6714393368500376,3443.0
A9,topk_deletion,1,recent_delay,recent_delay,1,0.0007018142511188152,0.0037480160399848694,0.023881585592058198,-0.006028636021100264,-7.0,0.7818268811952,0.539200773664548,0.7565938206480783,3318.0
A9,topk_deletion,2,PAY_0,"recent_delay, PAY_0",2,0.011001325416206242,0.042091506861521966,0.04435027830730034,-0.005275056518462717,9.0,0.7715273700301126,0.5008572828430109,0.7573474001507159,3334.0
A9,topk_deletion,3,delay_count,"recent_delay, PAY_0, delay_count",3,0.011215401339542796,0.04625161392217919,0.03839484483914099,0.009796533534287888,1.0,0.7713132941067761,0.4966971757823537,0.7724189902034665,3326.0
A9,topk_deletion,4,utilization_proxy,"recent_delay, PAY_0, delay_count, utilization_proxy",4,0.01942817619730519,0.053437406915657404,0.053049737128095124,-0.024868123587038493,35.0,0.7631005192490137,0.48951138278887546,0.7377543330821401,3360.0
A9,topk_deletion,5,LIMIT_BAL,"recent_delay, PAY_0, delay_count, utilization_proxy, LIMIT_BAL",5,0.025041964525160276,0.058325130364919986,0.06265651787872449,-0.024868123587038493,33.0,0.7574867309211586,0.4846236593396129,0.7377543330821401,3358.0
A9,topk_deletion,6,max_delay,"recent_delay, PAY_0, delay_count, utilization_proxy, LIMIT_BAL, max_delay",6,0.028283420718775876,0.06717510226344414,0.07498329340640733,-0.0301431801055011,38.0,0.754245274727543,0.4757736874410887,0.7324792765636775,3363.0
A9,topk_deletion,7,BILL_AMT1,"recent_delay, PAY_0, delay_count, utilization_proxy, LIMIT_BAL, max_delay, BILL_AMT1",7,0.026087106565946483,0.05780920445672566,0.0783512304611685,-0.06480783722682748,92.0,0.7564415888803724,0.4851395852478072,0.6978146194423511,3417.0
A9,topk_deletion,8,PAY_AMT1,"recent_delay, PAY_0, delay_count, utilization_proxy, LIMIT_BAL, max_delay, BILL_AMT1, PAY_AMT1",8,0.0259797057637301,0.05745266860916681,0.08050718453340837,-0.07083647324792763,114.0,0.7565489896825888,0.48549612109536605,0.691785983421251,3439.0
A9,topk_deletion,9,bill_volatility,"recent_delay, PAY_0, delay_count, utilization_proxy, LIMIT_BAL, max_delay, BILL_AMT1, PAY_AMT1, bill_volatility",9,0.02706556657712833,0.05396701894960254,0.08446109003405708,-0.08138658628485307,102.0,0.7554631288691905,0.4889817707549303,0.6812358703843255,3427.0
A9,topk_deletion,10,payment_to_bill_ratio,"recent_delay, PAY_0, delay_count, utilization_proxy, LIMIT_BAL, max_delay, BILL_AMT1, PAY_AMT1, bill_volatility, payment_to_bill_ratio",10,0.02956650552783535,0.05822310603666453,0.08572911727958195,-0.08666164280331579,123.0,0.7529621899184835,0.48472568366786833,0.6759608138658628,3448.0
