analysis_interpretation,baseline_expected_cost,baseline_recall,baseline_pr_auc,baseline_roc_auc,threshold,model,dataset,test_type,step,feature,feature_set,n_features,roc_auc_drop,pr_auc_drop,probability_shift,recall_change,cost_change,perturbed_roc_auc,perturbed_pr_auc,perturbed_recall,perturbed_expected_cost
"model behavior sanity check, not causal proof",1580.0,0.7372488408037094,0.5577580265853299,0.786557461256668,0.17,lightgbm,taiwan,single_feature_perturbation,1,recent_delay,recent_delay,1,0.007793661418124653,0.023705040298491298,0.026463422969961552,-0.0061823802163832875,8.0,0.7787637998385434,0.5340529862868386,0.7310664605873262,1588.0
"model behavior sanity check, not causal proof",1580.0,0.7372488408037094,0.5577580265853299,0.786557461256668,0.17,lightgbm,taiwan,single_feature_perturbation,2,PAY_0,PAY_0,1,0.019131747363194118,0.05788483081759155,0.0346160337244151,-0.023183925811437467,68.0,0.7674257138934739,0.49987319576773837,0.714064914992272,1648.0
"model behavior sanity check, not causal proof",1580.0,0.7372488408037094,0.5577580265853299,0.786557461256668,0.17,lightgbm,taiwan,single_feature_perturbation,3,delay_count,delay_count,1,0.004641383192622639,0.0017569982420220231,0.018480734384926194,-0.040185471406491535,62.0,0.7819160780640454,0.5560010283433079,0.6970633693972179,1642.0
"model behavior sanity check, not causal proof",1580.0,0.7372488408037094,0.5577580265853299,0.786557461256668,0.17,lightgbm,taiwan,single_feature_perturbation,4,utilization_proxy,utilization_proxy,1,0.003863002343024946,0.0008237566384273753,0.027652681516897426,-0.021638330757341562,25.0,0.7826944589136431,0.5569342699469025,0.7156105100463679,1605.0
"model behavior sanity check, not causal proof",1580.0,0.7372488408037094,0.5577580265853299,0.786557461256668,0.17,lightgbm,taiwan,single_feature_perturbation,5,LIMIT_BAL,LIMIT_BAL,1,0.002841254316401143,0.004938724893770896,0.02146187256418628,-0.010819165378670781,2.0,0.7837162069402669,0.552819301691559,0.7264296754250387,1582.0
"model behavior sanity check, not causal proof",1580.0,0.7372488408037094,0.5577580265853299,0.786557461256668,0.17,lightgbm,taiwan,single_feature_perturbation,6,max_delay,max_delay,1,0.002428416878449857,0.006820079286433467,0.0144547626247209,-0.007727975270479193,-3.0,0.7841290443782182,0.5509379472988964,0.7295208655332303,1577.0
"model behavior sanity check, not causal proof",1580.0,0.7372488408037094,0.5577580265853299,0.786557461256668,0.17,lightgbm,taiwan,single_feature_perturbation,7,BILL_AMT1,BILL_AMT1,1,0.0017341142978380963,0.0022184086336920483,0.025305764469398046,-0.043276661514683123,-1.0,0.7848233469588299,0.5555396179516379,0.6939721792890263,1579.0
"model behavior sanity check, not causal proof",1580.0,0.7372488408037094,0.5577580265853299,0.786557461256668,0.17,lightgbm,taiwan,single_feature_perturbation,8,PAY_AMT1,PAY_AMT1,1,0.002823847487274933,0.004382648408757461,0.02135294125107756,-0.02782071097372485,46.0,0.7837336137693931,0.5533753781765725,0.7094281298299846,1626.0
"model behavior sanity check, not causal proof",1580.0,0.7372488408037094,0.5577580265853299,0.786557461256668,0.17,lightgbm,taiwan,single_feature_perturbation,9,bill_volatility,bill_volatility,1,0.0007573612823511544,0.0008897372068193965,0.017288686393273377,-0.020092735703245768,6.0,0.7858000999743169,0.5568682893785105,0.7171561051004637,1586.0
"model behavior sanity check, not causal proof",1580.0,0.7372488408037094,0.5577580265853299,0.786557461256668,0.17,lightgbm,taiwan,single_feature_perturbation,10,payment_to_bill_ratio,payment_to_bill_ratio,1,0.0026780242395022524,0.006978577339455061,0.015319270965064065,-0.0030911901081916993,25.0,0.7838794370171658,0.5507794492458749,0.7341576506955177,1605.0
"model behavior sanity check, not causal proof",1580.0,0.7372488408037094,0.5577580265853299,0.786557461256668,0.17,lightgbm,taiwan,single_feature_perturbation,11,bill_trend,bill_trend,1,0.006992947278327222,0.012657804313099152,0.026247349351376098,-0.02472952086553326,44.0,0.7795645139783408,0.5451002222722308,0.7125193199381762,1624.0
"model behavior sanity check, not causal proof",1580.0,0.7372488408037094,0.5577580265853299,0.786557461256668,0.17,lightgbm,taiwan,single_feature_perturbation,12,PAY_AMT2,PAY_AMT2,1,-0.0014214482350460855,-0.00291380734916713,0.016411535164595245,-0.004636785162287493,14.0,0.7879789094917141,0.560671833934497,0.732612055641422,1594.0
"model behavior sanity check, not causal proof",1580.0,0.7372488408037094,0.5577580265853299,0.786557461256668,0.17,lightgbm,taiwan,single_feature_perturbation,13,PAY_AMT3,PAY_AMT3,1,0.00294208255303674,0.004836682889268196,0.020357415252246734,-0.020092735703245768,24.0,0.7836153787036313,0.5529213436960617,0.7171561051004637,1604.0
"model behavior sanity check, not causal proof",1580.0,0.7372488408037094,0.5577580265853299,0.786557461256668,0.17,lightgbm,taiwan,single_feature_perturbation,14,BILL_AMT5,BILL_AMT5,1,0.0005957733591436254,-0.001612543808129363,0.014875520314905032,0.007727975270479082,0.0,0.7859616878975244,0.5593705703934593,0.7449768160741885,1580.0
"model behavior sanity check, not causal proof",1580.0,0.7372488408037094,0.5577580265853299,0.786557461256668,0.17,lightgbm,taiwan,single_feature_perturbation,15,total_pay_amt,total_pay_amt,1,-0.0028763964053911684,-0.0021287687429243363,0.01637711395787563,0.015455950540958274,-14.0,0.7894338576620592,0.5598867953282542,0.7527047913446677,1566.0
"model behavior sanity check, not causal proof",1580.0,0.7372488408037094,0.5577580265853299,0.786557461256668,0.17,lightgbm,taiwan,single_feature_perturbation,16,max_bill_amt,max_bill_amt,1,0.0009734687081046633,-0.0023576578154616,0.0160679334611709,-0.03091190108191655,31.0,0.7855839925485634,0.5601156844007915,0.7063369397217929,1611.0
"model behavior sanity check, not causal proof",1580.0,0.7372488408037094,0.5577580265853299,0.786557461256668,0.17,lightgbm,taiwan,single_feature_perturbation,17,avg_delay,avg_delay,1,0.0032304447411998227,0.006206797978085432,0.008306062918710081,-0.004636785162287493,9.0,0.7833270165154682,0.5515512286072445,0.732612055641422,1589.0
"model behavior sanity check, not causal proof",1580.0,0.7372488408037094,0.5577580265853299,0.786557461256668,0.17,lightgbm,taiwan,single_feature_perturbation,18,PAY_AMT4,PAY_AMT4,1,-0.0037900907191384947,-0.0025480764887627627,0.015848912294308765,0.0061823802163832875,-15.0,0.7903475519758065,0.5603061030740927,0.7434312210200927,1565.0
"model behavior sanity check, not causal proof",1580.0,0.7372488408037094,0.5577580265853299,0.786557461256668,0.17,lightgbm,taiwan,single_feature_perturbation,19,recent_payment_intensity,recent_payment_intensity,1,0.0018819081300402996,-0.0017268539799670801,0.01912551794873545,0.0061823802163832875,23.0,0.7846755531266277,0.559484880565297,0.7434312210200927,1603.0
"model behavior sanity check, not causal proof",1580.0,0.7372488408037094,0.5577580265853299,0.786557461256668,0.17,lightgbm,taiwan,single_feature_perturbation,20,PAY_AMT6,PAY_AMT6,1,0.0011527918911765633,-0.0005774863037459887,0.014374363127280741,0.0030911901081915882,6.0,0.7854046693654915,0.5583355128890759,0.740340030911901,1586.0
"model behavior sanity check, not causal proof",1580.0,0.7372488408037094,0.5577580265853299,0.786557461256668,0.17,lightgbm,taiwan,single_feature_perturbation,21,SEX,SEX,1,-0.0011317723239298028,-0.00043385013169561226,0.005900235417913849,0.0015455950540957941,-12.0,0.7876892335805978,0.5581918767170255,0.7387944358578052,1568.0
"model behavior sanity check, not causal proof",1580.0,0.7372488408037094,0.5577580265853299,0.786557461256668,0.17,lightgbm,taiwan,single_feature_perturbation,22,EDUCATION,EDUCATION,1,0.004518550096525797,0.001595534691231526,0.008208269298902154,0.0,44.0,0.7820389111601422,0.5561624918940984,0.7372488408037094,1624.0
"model behavior sanity check, not causal proof",1580.0,0.7372488408037094,0.5577580265853299,0.786557461256668,0.17,lightgbm,taiwan,single_feature_perturbation,23,MARRIAGE,MARRIAGE,1,0.0001484506936785257,0.00015095691933475486,0.007200408553615341,-0.009273570324574987,-1.0,0.7864090105629895,0.5576070696659952,0.7279752704791345,1579.0
"model behavior sanity check, not causal proof",1580.0,0.7372488408037094,0.5577580265853299,0.786557461256668,0.17,lightgbm,taiwan,single_feature_perturbation,24,AGE,AGE,1,0.003773997612965485,0.008612287704887533,0.014967609133521284,-0.007727975270479193,40.0,0.7827834636437025,0.5491457388804424,0.7295208655332303,1620.0
"model behavior sanity check, not causal proof",1580.0,0.7372488408037094,0.5577580265853299,0.786557461256668,0.17,lightgbm,taiwan,single_feature_perturbation,25,PAY_2,PAY_2,1,9.787235999170196e-05,-0.00047186724176861983,0.002872121447917585,0.0015455950540957941,10.0,0.7864595888966763,0.5582298938270985,0.7387944358578052,1590.0
"model behavior sanity check, not causal proof",1580.0,0.7372488408037094,0.5577580265853299,0.786557461256668,0.17,lightgbm,taiwan,single_feature_perturbation,26,PAY_3,PAY_3,1,0.0011770957658052694,0.0005332455016129334,0.005487736142538878,0.004636785162287493,4.0,0.7853803654908628,0.557224781083717,0.7418856259659969,1584.0
"model behavior sanity check, not causal proof",1580.0,0.7372488408037094,0.5577580265853299,0.786557461256668,0.17,lightgbm,taiwan,single_feature_perturbation,27,PAY_4,PAY_4,1,-0.00016290164616050706,-0.0007061206517977592,0.0022860479019351817,0.0,7.0,0.7867203629028285,0.5584641472371277,0.7372488408037094,1587.0
"model behavior sanity check, not causal proof",1580.0,0.7372488408037094,0.5577580265853299,0.786557461256668,0.17,lightgbm,taiwan,single_feature_perturbation,28,PAY_5,PAY_5,1,1.7078398387826432e-05,-0.0010711157662387505,0.0027731275649083512,-0.0015455950540957941,7.0,0.7865403828582802,0.5588291423515687,0.7357032457496137,1587.0
"model behavior sanity check, not causal proof",1580.0,0.7372488408037094,0.5577580265853299,0.786557461256668,0.17,lightgbm,taiwan,single_feature_perturbation,29,PAY_6,PAY_6,1,0.002453377614555108,0.0019322700987419728,0.007306269125363374,-0.015455950540958274,22.0,0.7841040836421129,0.5558257564865879,0.7217928902627512,1602.0
"model behavior sanity check, not causal proof",1580.0,0.7372488408037094,0.5577580265853299,0.786557461256668,0.17,lightgbm,taiwan,single_feature_perturbation,30,BILL_AMT2,BILL_AMT2,1,-0.0003021562791686305,-0.0010234924544025858,0.01383232875651804,0.0015455950540957941,23.0,0.7868596175358367,0.5587815190397325,0.7387944358578052,1603.0
"model behavior sanity check, not causal proof",1580.0,0.7372488408037094,0.5577580265853299,0.786557461256668,0.17,lightgbm,taiwan,single_feature_perturbation,31,BILL_AMT3,BILL_AMT3,1,0.001223732930633492,-0.0014426733693255755,0.012254024845185422,-0.0061823802163832875,37.0,0.7853337283260345,0.5592006999546555,0.7310664605873262,1617.0
"model behavior sanity check, not causal proof",1580.0,0.7372488408037094,0.5577580265853299,0.786557461256668,0.17,lightgbm,taiwan,single_feature_perturbation,32,BILL_AMT4,BILL_AMT4,1,-0.0002883621881631937,-0.00030160435527248897,0.01549927953275159,0.0015455950540957941,38.0,0.7868458234448312,0.5580596309406024,0.7387944358578052,1618.0
"model behavior sanity check, not causal proof",1580.0,0.7372488408037094,0.5577580265853299,0.786557461256668,0.17,lightgbm,taiwan,single_feature_perturbation,33,BILL_AMT6,BILL_AMT6,1,0.0018654865931287956,0.003326575996107528,0.02243428974231612,0.02472952086553326,-6.0,0.7846919746635392,0.5544314505892224,0.7619783616692427,1574.0
"model behavior sanity check, not causal proof",1580.0,0.7372488408037094,0.5577580265853299,0.786557461256668,0.17,lightgbm,taiwan,single_feature_perturbation,34,PAY_AMT5,PAY_AMT5,1,-0.002806112227410562,-0.001875334986826016,0.012333996111233257,0.009273570324574987,-15.0,0.7893635734840786,0.5596333615721559,0.7465224111282844,1565.0
"model behavior sanity check, not causal proof",1580.0,0.7372488408037094,0.5577580265853299,0.786557461256668,0.17,lightgbm,taiwan,single_feature_perturbation,35,severe_delay_count,severe_delay_count,1,0.0007718122348332468,0.0028074129520305746,0.004237317448353436,-0.0030911901081916993,11.0,0.7857856490218348,0.5549506136332993,0.7341576506955177,1591.0
"model behavior sanity check, not causal proof",1580.0,0.7372488408037094,0.5577580265853299,0.786557461256668,0.17,lightgbm,taiwan,single_feature_perturbation,36,total_bill_amt,total_bill_amt,1,-0.00011035272804404972,-0.0028438080518039532,0.014849109570450214,0.007727975270479082,-21.0,0.7866678139847121,0.5606018346371339,0.7449768160741885,1559.0
"model behavior sanity check, not causal proof",1580.0,0.7372488408037094,0.5577580265853299,0.786557461256668,0.17,lightgbm,taiwan,single_feature_perturbation,37,avg_bill_amt,avg_bill_amt,1,0.0,0.0,0.0,0.0,0.0,0.786557461256668,0.5577580265853299,0.7372488408037094,1580.0
"model behavior sanity check, not causal proof",1580.0,0.7372488408037094,0.5577580265853299,0.786557461256668,0.17,lightgbm,taiwan,single_feature_perturbation,38,avg_pay_amt,avg_pay_amt,1,0.0,0.0,0.0,0.0,0.0,0.786557461256668,0.5577580265853299,0.7372488408037094,1580.0
"model behavior sanity check, not causal proof",1580.0,0.7372488408037094,0.5577580265853299,0.786557461256668,0.17,lightgbm,taiwan,single_feature_perturbation,39,max_pay_amt,max_pay_amt,1,-0.0001050978362324706,0.0017038545624536994,0.010884714335876244,-0.007727975270479193,14.0,0.7866625590929005,0.5560541720228762,0.7295208655332303,1594.0
"model behavior sanity check, not causal proof",1580.0,0.7372488408037094,0.5577580265853299,0.786557461256668,0.17,lightgbm,taiwan,single_feature_perturbation,40,payment_volatility,payment_volatility,1,-0.0012276740994919821,0.0010517036119879197,0.013314299080870775,0.012364760432766575,11.0,0.78778513535616,0.556706322973342,0.749613601236476,1591.0
"model behavior sanity check, not causal proof",1580.0,0.7372488408037094,0.5577580265853299,0.786557461256668,0.17,lightgbm,taiwan,topk_deletion,1,recent_delay,recent_delay,1,0.007793661418124653,0.023705040298491298,0.026463422969961552,-0.0061823802163832875,8.0,0.7787637998385434,0.5340529862868386,0.7310664605873262,1588.0
"model behavior sanity check, not causal proof",1580.0,0.7372488408037094,0.5577580265853299,0.786557461256668,0.17,lightgbm,taiwan,topk_deletion,2,PAY_0,"recent_delay, PAY_0",2,0.034908246304661605,0.09170259095349809,0.05039854858749864,-0.051004636785162316,138.0,0.7516492149520064,0.4660554356318318,0.6862442040185471,1718.0
"model behavior sanity check, not causal proof",1580.0,0.7372488408037094,0.5577580265853299,0.786557461256668,0.17,lightgbm,taiwan,topk_deletion,3,delay_count,"recent_delay, PAY_0, delay_count",3,0.07726661547526248,0.15986628839871653,0.08196812075296031,-0.231839258114374,572.0,0.7092908457814056,0.3978917381866134,0.5054095826893354,2152.0
"model behavior sanity check, not causal proof",1580.0,0.7372488408037094,0.5577580265853299,0.786557461256668,0.17,lightgbm,taiwan,topk_deletion,4,utilization_proxy,"recent_delay, PAY_0, delay_count, utilization_proxy",4,0.09483503252449599,0.18913998526254827,0.10154108070509263,-0.30602782071097373,710.0,0.691722428732172,0.36861804132278164,0.4312210200927357,2290.0
"model behavior sanity check, not causal proof",1580.0,0.7372488408037094,0.5577580265853299,0.786557461256668,0.17,lightgbm,taiwan,topk_deletion,5,LIMIT_BAL,"recent_delay, PAY_0, delay_count, utilization_proxy, LIMIT_BAL",5,0.10127588773186391,0.2052087556371298,0.11395411294549333,-0.366306027820711,874.0,0.6852815735248041,0.3525492709482001,0.37094281298299847,2454.0
"model behavior sanity check, not causal proof",1580.0,0.7372488408037094,0.5577580265853299,0.786557461256668,0.17,lightgbm,taiwan,topk_deletion,6,max_delay,"recent_delay, PAY_0, delay_count, utilization_proxy, LIMIT_BAL, max_delay",6,0.1370511911854445,0.2353501594765106,0.1218016656156087,-0.4513137557959815,1104.0,0.6495062700712235,0.3224078671088193,0.28593508500772796,2684.0
"model behavior sanity check, not causal proof",1580.0,0.7372488408037094,0.5577580265853299,0.786557461256668,0.17,lightgbm,taiwan,topk_deletion,7,BILL_AMT1,"recent_delay, PAY_0, delay_count, utilization_proxy, LIMIT_BAL, max_delay, BILL_AMT1",7,0.12052521329934296,0.21551685044756197,0.13176934744958663,-0.5425038639876353,1239.0,0.6660322479573251,0.34224117613776794,0.1947449768160742,2819.0
"model behavior sanity check, not causal proof",1580.0,0.7372488408037094,0.5577580265853299,0.786557461256668,0.17,lightgbm,taiwan,topk_deletion,8,PAY_AMT1,"recent_delay, PAY_0, delay_count, utilization_proxy, LIMIT_BAL, max_delay, BILL_AMT1, PAY_AMT1",8,0.13356227145326005,0.2328607359390259,0.13884063324789825,-0.571870170015456,1296.0,0.652995189803408,0.324897290646304,0.16537867078825347,2876.0
"model behavior sanity check, not causal proof",1580.0,0.7372488408037094,0.5577580265853299,0.786557461256668,0.17,lightgbm,taiwan,topk_deletion,9,bill_volatility,"recent_delay, PAY_0, delay_count, utilization_proxy, LIMIT_BAL, max_delay, BILL_AMT1, PAY_AMT1, bill_volatility",9,0.1287803199046763,0.22879304835335773,0.13931804330646572,-0.562596599690881,1261.0,0.6577771413519917,0.3289649782319722,0.17465224111282843,2841.0
"model behavior sanity check, not causal proof",1580.0,0.7372488408037094,0.5577580265853299,0.786557461256668,0.17,lightgbm,taiwan,topk_deletion,10,payment_to_bill_ratio,"recent_delay, PAY_0, delay_count, utilization_proxy, LIMIT_BAL, max_delay, BILL_AMT1, PAY_AMT1, bill_volatility, payment_to_bill_ratio",10,0.13206791159432762,0.23111293614176076,0.1394213006699034,-0.5935085007727976,1338.0,0.6544895496623404,0.32664509044356915,0.1437403400309119,2918.0
"model behavior sanity check, not causal proof",1580.0,0.7372488408037094,0.5577580265853299,0.786557461256668,0.17,lightgbm,taiwan,topk_insertion,1,recent_delay,recent_delay,1,0.09255736535489245,0.19036786154420288,0.1433257422930335,-0.7372488408037094,1655.0,0.6940000959017756,0.36739016504112704,0.0,3235.0
"model behavior sanity check, not causal proof",1580.0,0.7372488408037094,0.5577580265853299,0.786557461256668,0.17,lightgbm,taiwan,topk_insertion,2,PAY_0,"recent_delay, PAY_0",2,0.07752410517403219,0.10063111011428105,0.10487198185320022,-0.3786707882534776,608.0,0.7090333560826358,0.45712691647104886,0.35857805255023184,2188.0
"model behavior sanity check, not causal proof",1580.0,0.7372488408037094,0.5577580265853299,0.786557461256668,0.17,lightgbm,taiwan,topk_insertion,3,delay_count,"recent_delay, PAY_0, delay_count",3,0.053449475200523455,0.07029474314190509,0.09182575825311218,-0.20092735703245757,269.0,0.7331079860561446,0.4874632834434248,0.5363214837712519,1849.0
"model behavior sanity check, not causal proof",1580.0,0.7372488408037094,0.5577580265853299,0.786557461256668,0.17,lightgbm,taiwan,topk_insertion,4,utilization_proxy,"recent_delay, PAY_0, delay_count, utilization_proxy",4,0.0536008817708461,0.047783846823167275,0.08708521219602702,-0.250386398763524,376.0,0.7329565794858219,0.5099741797621626,0.4868624420401855,1956.0
"model behavior sanity check, not causal proof",1580.0,0.7372488408037094,0.5577580265853299,0.786557461256668,0.17,lightgbm,taiwan,topk_insertion,5,LIMIT_BAL,"recent_delay, PAY_0, delay_count, utilization_proxy, LIMIT_BAL",5,0.048186372620437234,0.04579890049572444,0.08402355965316777,-0.22102009273570322,296.0,0.7383710886362308,0.5119591260896055,0.5162287480680062,1876.0
"model behavior sanity check, not causal proof",1580.0,0.7372488408037094,0.5577580265853299,0.786557461256668,0.17,lightgbm,taiwan,topk_insertion,6,max_delay,"recent_delay, PAY_0, delay_count, utilization_proxy, LIMIT_BAL, max_delay",6,0.045608191325356096,0.040306630499399976,0.07793697703470998,-0.1792890262751159,250.0,0.7409492699313119,0.5174513960859299,0.5579598145285936,1830.0
"model behavior sanity check, not causal proof",1580.0,0.7372488408037094,0.5577580265853299,0.786557461256668,0.17,lightgbm,taiwan,topk_insertion,7,BILL_AMT1,"recent_delay, PAY_0, delay_count, utilization_proxy, LIMIT_BAL, max_delay, BILL_AMT1",7,0.03563342137466663,0.04111667446008904,0.07190870036567527,-0.14992272024729525,211.0,0.7509240398820014,0.5166413521252409,0.5873261205564142,1791.0
"model behavior sanity check, not causal proof",1580.0,0.7372488408037094,0.5577580265853299,0.786557461256668,0.17,lightgbm,taiwan,topk_insertion,8,PAY_AMT1,"recent_delay, PAY_0, delay_count, utilization_proxy, LIMIT_BAL, max_delay, BILL_AMT1, PAY_AMT1",8,0.024344928471069616,0.03155174140625916,0.07217340995605952,-0.15919629057187024,196.0,0.7622125327855984,0.5262062851790708,0.5780525502318392,1776.0
"model behavior sanity check, not causal proof",1580.0,0.7372488408037094,0.5577580265853299,0.786557461256668,0.17,lightgbm,taiwan,topk_insertion,9,bill_volatility,"recent_delay, PAY_0, delay_count, utilization_proxy, LIMIT_BAL, max_delay, BILL_AMT1, PAY_AMT1, bill_volatility",9,0.01660578655549083,0.01976314718406058,0.06834993919047848,-0.1221020092735704,126.0,0.7699516747011772,0.5379948794012693,0.615146831530139,1706.0
"model behavior sanity check, not causal proof",1580.0,0.7372488408037094,0.5577580265853299,0.786557461256668,0.17,lightgbm,taiwan,topk_insertion,10,payment_to_bill_ratio,"recent_delay, PAY_0, delay_count, utilization_proxy, LIMIT_BAL, max_delay, BILL_AMT1, PAY_AMT1, bill_volatility, payment_to_bill_ratio",10,0.010301558535225297,0.00921264544087197,0.06528264237797629,-0.10046367851622873,77.0,0.7762559027214427,0.5485453811444579,0.6367851622874807,1657.0
"model behavior sanity check, not causal proof",1580.0,0.7372488408037094,0.5577580265853299,0.786557461256668,0.17,lightgbm,taiwan,random_feature_deletion_baseline,1,total_pay_amt,total_pay_amt,1,-0.0028763964053911684,-0.0021287687429243363,0.01637711395787563,0.015455950540958274,-14.0,0.7894338576620592,0.5598867953282542,0.7527047913446677,1566.0
"model behavior sanity check, not causal proof",1580.0,0.7372488408037094,0.5577580265853299,0.786557461256668,0.17,lightgbm,taiwan,random_feature_deletion_baseline,2,PAY_3,"total_pay_amt, PAY_3",2,-0.0017255750986440166,-0.0016629603897299061,0.019259466854451717,0.018547140649149862,0.0,0.788283036355312,0.5594209869750598,0.7557959814528593,1580.0
"model behavior sanity check, not causal proof",1580.0,0.7372488408037094,0.5577580265853299,0.786557461256668,0.17,lightgbm,taiwan,random_feature_deletion_baseline,3,payment_volatility,"total_pay_amt, PAY_3, payment_volatility",3,-0.002343024886510725,-0.0005711203370577511,0.02589924142475559,0.026275115919629055,-11.0,0.7889004861431788,0.5583291469223877,0.7635239567233385,1569.0
"model behavior sanity check, not causal proof",1580.0,0.7372488408037094,0.5577580265853299,0.786557461256668,0.17,lightgbm,taiwan,random_feature_deletion_baseline,4,PAY_AMT2,"total_pay_amt, PAY_3, payment_volatility, PAY_AMT2",4,-0.003880737602888984,-0.004812795853151419,0.03223214914109345,0.026275115919629055,3.0,0.790438198859557,0.5625708224384813,0.7635239567233385,1583.0
"model behavior sanity check, not causal proof",1580.0,0.7372488408037094,0.5577580265853299,0.786557461256668,0.17,lightgbm,taiwan,random_feature_deletion_baseline,5,AGE,"total_pay_amt, PAY_3, payment_volatility, PAY_AMT2, AGE",5,-0.0023982012505328054,0.002801062896964357,0.036393905631280525,0.020092735703245768,23.0,0.7889556625072008,0.5549569636883656,0.7573415765069552,1603.0
"model behavior sanity check, not causal proof",1580.0,0.7372488408037094,0.5577580265853299,0.786557461256668,0.17,lightgbm,taiwan,random_feature_deletion_baseline,6,recent_payment_intensity,"total_pay_amt, PAY_3, payment_volatility, PAY_AMT2, AGE, recent_payment_intensity",6,-0.0012546054200267553,-0.0004231221393637963,0.04335558899534171,0.018547140649149862,47.0,0.7878120666766948,0.5581811487246937,0.7557959814528593,1627.0
"model behavior sanity check, not causal proof",1580.0,0.7372488408037094,0.5577580265853299,0.786557461256668,0.17,lightgbm,taiwan,random_feature_deletion_baseline,7,BILL_AMT6,"total_pay_amt, PAY_3, payment_volatility, PAY_AMT2, AGE, recent_payment_intensity, BILL_AMT6",7,0.0014595462006804505,0.0028381825404727445,0.04736891787712677,0.03400309119010814,23.0,0.7850979150559876,0.5549198440448572,0.7712519319938176,1603.0
"model behavior sanity check, not causal proof",1580.0,0.7372488408037094,0.5577580265853299,0.786557461256668,0.17,lightgbm,taiwan,random_feature_deletion_baseline,8,PAY_0,"total_pay_amt, PAY_3, payment_volatility, PAY_AMT2, AGE, recent_payment_intensity, BILL_AMT6, PAY_0",8,0.015257578375069358,0.044384019188300705,0.06542989923065858,0.015455950540958274,36.0,0.7712998828815987,0.5133740073970292,0.7527047913446677,1616.0
"model behavior sanity check, not causal proof",1580.0,0.7372488408037094,0.5577580265853299,0.786557461256668,0.17,lightgbm,taiwan,random_feature_deletion_baseline,9,avg_delay,"total_pay_amt, PAY_3, payment_volatility, PAY_AMT2, AGE, recent_payment_intensity, BILL_AMT6, PAY_0, avg_delay",9,0.025241872817167166,0.0814785943307077,0.0763781810939222,0.012364760432766575,40.0,0.7613155884395009,0.4762794322546222,0.749613601236476,1620.0
"model behavior sanity check, not causal proof",1580.0,0.7372488408037094,0.5577580265853299,0.786557461256668,0.17,lightgbm,taiwan,random_feature_deletion_baseline,10,total_bill_amt,"total_pay_amt, PAY_3, payment_volatility, PAY_AMT2, AGE, recent_payment_intensity, BILL_AMT6, PAY_0, avg_delay, total_bill_amt",10,0.02548950959379037,0.07846359865190183,0.07713049919616932,0.0030911901081915882,88.0,0.7610679516628777,0.4792944279334281,0.740340030911901,1668.0
