dataset,model,model_role,split,calibration_method,threshold,threshold_source,cost_scenario,fn_cost,fp_cost,expected_cost,test_set_used_for_training_or_selection,accuracy,precision,recall,f1,specificity,g_mean,roc_auc,pr_auc,brier_score,ece,calibration_slope,calibration_intercept,tn,fp,fn,tp,canonical_model,calibration_type,selection_split,weight_selection_split,valid_for_model_selection,expected_cost_direction,winner_expected_cost,roc_auc_direction,winner_roc_auc,pr_auc_direction,winner_pr_auc,recall_direction,winner_recall,f1_direction,winner_f1,brier_score_direction,winner_brier_score,ece_direction,winner_ece,winner
heloc,catboost,base_model,test,isotonic,0.14,validation_cost_min_B_FN5_FP1,B_FN5_FP1,5.0,1.0,898.0,False,0.5858227848101266,0.5581395348837209,0.980544747081712,0.7113620324629499,0.1573389651531151,0.3927822498435482,0.8040936153078122,0.8115982528808503,0.1802440277917598,0.0107832103485953,1.0352978684995249,-0.0031831980933407,149,798,20,1008,CatBoost,isotonic,validation,not_applicable_base_model,False,lower_is_better,False,higher_is_better,True,higher_is_better,True,higher_is_better,False,higher_is_better,False,lower_is_better,True,lower_is_better,True,True
heloc,xgboost,base_model,test,isotonic,0.19,validation_cost_min_B_FN5_FP1,B_FN5_FP1,5.0,1.0,904.0,False,0.6192405063291139,0.5809859154929577,0.9630350194552528,0.7247437774524158,0.246040126715945,0.4867702314425802,0.7967526984661782,0.7967099074932475,0.1834923424239684,0.0160411549513601,1.0364882262222042,-0.0069295442771438,233,714,38,990,XGBoost,isotonic,validation,not_applicable_base_model,False,lower_is_better,False,higher_is_better,False,higher_is_better,False,higher_is_better,False,higher_is_better,False,lower_is_better,False,lower_is_better,False,False
heloc,lightgbm,base_model,test,sigmoid,0.19,validation_cost_min_B_FN5_FP1,B_FN5_FP1,5.0,1.0,924.0,False,0.5665822784810126,0.5464864864864865,0.9834630350194552,0.7025712300208478,0.1140443505807814,0.3349005869642483,0.7873327197498552,0.7932806208861143,0.1882896306735732,0.0282064278391865,1.1244611753635487,-0.012801954218763,108,839,17,1011,LightGBM,sigmoid,validation,not_applicable_base_model,False,lower_is_better,False,higher_is_better,False,higher_is_better,False,higher_is_better,True,higher_is_better,False,lower_is_better,False,lower_is_better,False,True
heloc,woe_scorecard_logistic_regression,base_model,test,sigmoid,0.16,validation_cost_min_B_FN5_FP1,B_FN5_FP1,5.0,1.0,892.0,False,0.5868354430379746,0.5586932447397563,0.9815175097276264,0.7120677487649965,0.1583949313621964,0.3942935436753959,0.801480407101681,0.8038770280230678,0.1816523806088388,0.014207949481563,1.0460989168800874,-0.0019636256362578,150,797,19,1009,Scorecard,sigmoid,validation,not_applicable_base_model,False,lower_is_better,True,higher_is_better,False,higher_is_better,False,higher_is_better,False,higher_is_better,False,lower_is_better,False,lower_is_better,False,True
heloc,SCRE-Credit,scre_credit,test,weighted_sum_plus_isotonic,0.17,validation_cost_min_B_FN5_FP1,B_FN5_FP1,5.0,1.0,895.0,False,0.6460759493670886,0.6009821976672806,0.9523346303501944,0.7369213398569816,0.3136219640971489,0.5465098876032896,0.8031069854013699,0.7939090859748776,0.1816509604613032,0.0221286246684385,0.9734788644265436,-0.025687320495956,297,650,49,979,SCRE-Static,weighted_sum_plus_isotonic,validation,validation_static_metric_weighting,False,lower_is_better,False,higher_is_better,False,higher_is_better,False,higher_is_better,False,higher_is_better,True,lower_is_better,False,lower_is_better,False,True
heloc,SCRE-Pareto,scre_pareto,test,,0.12,validation_cost_min_B_FN5_FP1,B_FN5_FP1,5.0,1.0,897.0,False,0.5863291139240506,0.5584487534626039,0.980544747081712,0.7116131309565831,0.1583949313621964,0.39409810696268255,0.8038681439236746,0.7975072192575835,0.18070747133543977,0.0187899989525107,0.9744403191262107,-0.02125399983100533,150,797,20,1008,SCRE-Pareto,weighted_sum_plus_isotonic,validation,validation,False,lower_is_better,False,higher_is_better,False,higher_is_better,False,higher_is_better,False,higher_is_better,False,lower_is_better,False,lower_is_better,False,False
heloc,SCRE-Optimized,scre_optimized,test,,0.11,validation_cost_min_B_FN5_FP1,B_FN5_FP1,5.0,1.0,892.0,False,0.590886075949367,0.5613154960981048,0.9795719844357976,0.7136782423812899,0.1689545934530095,0.4068208283609726,0.8039621331339187,0.7966138103924861,0.1809372312517311,0.01267907665499888,0.9645184462042018,-0.02733664413422272,160,787,21,1007,SCRE-Optimized,weighted_sum_plus_isotonic,validation,validation,False,lower_is_better,True,higher_is_better,False,higher_is_better,False,higher_is_better,False,higher_is_better,False,lower_is_better,False,lower_is_better,False,True
heloc,catboost,base_model,validation,isotonic,0.14,validation_cost_min_B_FN5_FP1,B_FN5_FP1,5.0,1.0,883.0,False,0.5932117527862208,0.5625698324022347,0.9805258033106136,0.7149449769258076,0.1731784582893347,0.4120751714556987,0.805058047295359,0.8013113512560703,0.1795271125534199,0.0161874566693795,1.0004931140295232,0.0325208362593051,164,783,20,1007,CatBoost,isotonic,validation,not_applicable_base_model,True,lower_is_better,False,higher_is_better,False,higher_is_better,True,higher_is_better,False,higher_is_better,False,lower_is_better,False,lower_is_better,False,True
heloc,xgboost,base_model,validation,isotonic,0.19,validation_cost_min_B_FN5_FP1,B_FN5_FP1,5.0,1.0,904.0,False,0.6271529888551165,0.5866587254318046,0.9591041869522884,0.7280118255728012,0.2671594508975712,0.5061953653874508,0.8006974312362413,0.7972930944304489,0.1813942508473573,0.0214530927515981,1.0278749870502697,0.0214173954017785,253,694,42,985,XGBoost,isotonic,validation,not_applicable_base_model,True,lower_is_better,False,higher_is_better,False,higher_is_better,False,higher_is_better,False,higher_is_better,False,lower_is_better,False,lower_is_better,False,False
heloc,lightgbm,base_model,validation,sigmoid,0.19,validation_cost_min_B_FN5_FP1,B_FN5_FP1,5.0,1.0,920.0,False,0.574468085106383,0.5511767925561029,0.9805258033106136,0.7056762438682551,0.1341077085533263,0.3626238666433801,0.7923417258826879,0.7835529028407264,0.1852543797777011,0.0214834425026594,1.1250076910593745,0.0150198395149642,127,820,20,1007,LightGBM,sigmoid,validation,not_applicable_base_model,True,lower_is_better,False,higher_is_better,False,higher_is_better,False,higher_is_better,False,higher_is_better,False,lower_is_better,False,lower_is_better,False,False
heloc,woe_scorecard_logistic_regression,base_model,validation,sigmoid,0.16,validation_cost_min_B_FN5_FP1,B_FN5_FP1,5.0,1.0,871.0,False,0.5871327254305978,0.5584343991179713,0.9863680623174296,0.7131291798662442,0.1541710665258711,0.389960787970451,0.8034319415897484,0.7951238042055726,0.1803741038357108,0.0205088647245446,1.030654839723533,0.0133446035564166,146,801,14,1013,Scorecard,sigmoid,validation,not_applicable_base_model,True,lower_is_better,False,higher_is_better,False,higher_is_better,False,higher_is_better,True,higher_is_better,False,lower_is_better,False,lower_is_better,False,True
heloc,SCRE-Credit,scre_credit,validation,weighted_sum_plus_isotonic,0.17,validation_cost_min_B_FN5_FP1,B_FN5_FP1,5.0,1.0,884.0,False,0.6595744680851063,0.6114249843063403,0.9483933787731256,0.7435114503816794,0.3463569165786694,0.5731340213034696,0.8114360009418355,0.7980842433390413,0.1754359558208565,6.236919682726746e-17,0.999640755622034,2.0472740708327305e-05,328,619,53,974,SCRE-Static,weighted_sum_plus_isotonic,validation,validation_static_metric_weighting,True,lower_is_better,False,higher_is_better,False,higher_is_better,False,higher_is_better,False,higher_is_better,True,lower_is_better,True,lower_is_better,True,True
heloc,SCRE-Pareto,scre_pareto,validation,,0.12,validation_cost_min_B_FN5_FP1,B_FN5_FP1,5.0,1.0,866.0,False,0.5957446808510638,0.5639307649357901,0.9834469328140214,0.716820440028389,0.17529039070749736,0.4151972989953809,0.811466847082315,0.8010391232347522,0.1761038961857976,5.4460123228589e-17,1.0000006812352054,-9.292858437564378e-08,166,781,17,1010,SCRE-Pareto,weighted_sum_plus_isotonic,validation,validation,True,lower_is_better,False,higher_is_better,False,higher_is_better,False,higher_is_better,False,higher_is_better,False,lower_is_better,False,lower_is_better,True,True
heloc,SCRE-Optimized,scre_optimized,validation,,0.11,validation_cost_min_B_FN5_FP1,B_FN5_FP1,5.0,1.0,855.0,False,0.6033434650455927,0.5687711386696731,0.9824732229795521,0.720456979650125,0.1921858500527983,0.4345313009582137,0.8125140735515939,0.8001376782180745,0.1754542918856796,2.009959237210817e-17,1.000000585377339,-6.759046789880978e-08,182,765,18,1009,SCRE-Optimized,weighted_sum_plus_isotonic,validation,validation,True,lower_is_better,True,higher_is_better,True,higher_is_better,False,higher_is_better,False,higher_is_better,False,lower_is_better,False,lower_is_better,True,True
taiwan,catboost,base_model,test,isotonic,0.15,validation_cost_min_B_FN5_FP1,B_FN5_FP1,5.0,1.0,3247.0,False,0.6275,0.3514397905759162,0.8093443858327054,0.4900752908966461,0.5758613310507169,0.6826932951948823,0.7853434511554537,0.5639167825429635,0.133690712785661,0.0077638887959482,0.9754392982027132,-0.0274951865674517,2691,1982,253,1074,CatBoost,isotonic,validation,not_applicable_base_model,False,lower_is_better,True,higher_is_better,True,higher_is_better,True,higher_is_better,False,higher_is_better,False,lower_is_better,True,lower_is_better,True,True
taiwan,xgboost,base_model,test,isotonic,0.14,validation_cost_min_B_FN5_FP1,B_FN5_FP1,5.0,1.0,3283.0,False,0.5975,0.3355501813784764,0.8364732479276563,0.4789644012944983,0.529638347956345,0.6656037177946665,0.7826485134584009,0.5624784540120215,0.1343163230559995,0.0095047983326949,0.9886483587938176,-0.0091005828944853,2475,2198,217,1110,XGBoost,isotonic,validation,not_applicable_base_model,False,lower_is_better,False,higher_is_better,False,higher_is_better,False,higher_is_better,True,higher_is_better,False,lower_is_better,False,lower_is_better,False,True
taiwan,lightgbm,base_model,test,isotonic,0.17,validation_cost_min_B_FN5_FP1,B_FN5_FP1,5.0,1.0,3332.0,False,0.6693333333333333,0.3754266211604095,0.746043707611153,0.4994954591321897,0.647549753905414,0.6950542563471465,0.7779753690935001,0.5552375587431584,0.1356135837556778,0.0084868821264251,1.059547573141843,0.0661043432066207,3026,1647,337,990,LightGBM,isotonic,validation,not_applicable_base_model,False,lower_is_better,False,higher_is_better,False,higher_is_better,False,higher_is_better,False,higher_is_better,True,lower_is_better,False,lower_is_better,False,True
taiwan,woe_scorecard_logistic_regression,base_model,test,isotonic,0.16,validation_cost_min_B_FN5_FP1,B_FN5_FP1,5.0,1.0,3395.0,False,0.6628333333333334,0.3693693693693693,0.7415222305953278,0.4931094963668254,0.6404879092659962,0.6891560223550683,0.772310218670291,0.5428529752936853,0.1369802354742906,0.013838796992413,0.9538816900915116,-0.0543621031523815,2993,1680,343,984,Scorecard,isotonic,validation,not_applicable_base_model,False,lower_is_better,False,higher_is_better,False,higher_is_better,False,higher_is_better,False,higher_is_better,False,lower_is_better,False,lower_is_better,False,False
taiwan,SCRE-Credit,scre_credit,test,weighted_sum_plus_isotonic,0.16,validation_cost_min_B_FN5_FP1,B_FN5_FP1,5.0,1.0,3370.0,False,0.6543333333333333,0.3643298220123501,0.7558402411454408,0.4916666666666666,0.625508238818746,0.6875931195607042,0.78157176397432,0.5444404951784547,0.1344745846625019,0.016134514337013,0.9172643581924976,-0.1057804030409447,2923,1750,324,1003,SCRE-Static,weighted_sum_plus_isotonic,validation,validation_static_metric_weighting,False,lower_is_better,False,higher_is_better,False,higher_is_better,False,higher_is_better,False,higher_is_better,False,lower_is_better,False,lower_is_better,False,False
taiwan,SCRE-Pareto,scre_pareto,test,,0.13,validation_cost_min_B_FN5_FP1,B_FN5_FP1,5.0,1.0,3274.0,False,0.6143333333333333,0.3438785194558684,0.8191409193669932,0.48440285204991085,0.5561737641771881,0.6749701389809056,0.7830772297237042,0.5464402303169529,0.13441714263864854,0.01723276126650501,0.9076576296615826,-0.11605422552196548,2599,2074,240,1087,SCRE-Pareto,weighted_sum_plus_isotonic,validation,validation,False,lower_is_better,False,higher_is_better,False,higher_is_better,False,higher_is_better,False,higher_is_better,False,lower_is_better,False,lower_is_better,False,False
taiwan,SCRE-Optimized,scre_optimized,test,,0.12,validation_cost_min_B_FN5_FP1,B_FN5_FP1,5.0,1.0,3275.0,False,0.6308333333333334,0.35258964143426297,0.8003014318010551,0.48951371283705924,0.5827091803980312,0.6828931039307423,0.7836299568251999,0.5462240098891603,0.13442624906194636,0.01357839606669314,0.9103471215744876,-0.11151612641977432,2723,1950,265,1062,SCRE-Optimized,weighted_sum_plus_isotonic,validation,validation,False,lower_is_better,False,higher_is_better,False,higher_is_better,False,higher_is_better,False,higher_is_better,False,lower_is_better,False,lower_is_better,False,False
taiwan,catboost,base_model,validation,isotonic,0.15,validation_cost_min_B_FN5_FP1,B_FN5_FP1,5.0,1.0,3173.0,False,0.6331666666666667,0.356344510190664,0.8168801808590807,0.4962233920805676,0.5809972180612026,0.6889158965856848,0.7862745000016933,0.5600762638181987,0.1334909014662533,0.0058542408872619,0.9921044624882048,0.0121509492254093,2715,1958,243,1084,CatBoost,isotonic,validation,not_applicable_base_model,True,lower_is_better,False,higher_is_better,False,higher_is_better,True,higher_is_better,False,higher_is_better,False,lower_is_better,False,lower_is_better,False,True
taiwan,xgboost,base_model,validation,isotonic,0.14,validation_cost_min_B_FN5_FP1,B_FN5_FP1,5.0,1.0,3233.0,False,0.6005,0.338173018753781,0.8425018839487566,0.4826246492553421,0.5317783008773806,0.6693461140040046,0.7868731869059393,0.5597109861331215,0.1333922712879752,0.0078343090036521,1.0116673796418547,0.0330270993469724,2485,2188,209,1118,XGBoost,isotonic,validation,not_applicable_base_model,True,lower_is_better,False,higher_is_better,False,higher_is_better,False,higher_is_better,True,higher_is_better,False,lower_is_better,False,lower_is_better,False,True
taiwan,lightgbm,base_model,validation,isotonic,0.17,validation_cost_min_B_FN5_FP1,B_FN5_FP1,5.0,1.0,3205.0,False,0.6805,0.3865384615384615,0.7573474001507159,0.5118411000763942,0.6586775090947999,0.7062915113823018,0.7840167448493977,0.5562193442422032,0.134470607805421,0.0140478133051794,1.066820520696398,0.0956019773835417,3078,1595,322,1005,LightGBM,isotonic,validation,not_applicable_base_model,True,lower_is_better,False,higher_is_better,False,higher_is_better,False,higher_is_better,False,higher_is_better,True,lower_is_better,False,lower_is_better,False,True
taiwan,woe_scorecard_logistic_regression,base_model,validation,isotonic,0.16,validation_cost_min_B_FN5_FP1,B_FN5_FP1,5.0,1.0,3316.0,False,0.6693333333333333,0.3758034026465028,0.7490580256217031,0.500503524672709,0.6466937727369998,0.6959965234023999,0.7734331698508209,0.5319763334520872,0.1361479847693398,0.0129179635051445,0.9734166707387212,-0.0072346775069435,3022,1651,333,994,Scorecard,isotonic,validation,not_applicable_base_model,True,lower_is_better,False,higher_is_better,False,higher_is_better,False,higher_is_better,False,higher_is_better,False,lower_is_better,False,lower_is_better,False,False
taiwan,SCRE-Credit,scre_credit,validation,weighted_sum_plus_isotonic,0.16,validation_cost_min_B_FN5_FP1,B_FN5_FP1,5.0,1.0,3155.0,False,0.6675,0.3781911013858497,0.7814619442351168,0.5097075448513149,0.6351380269634068,0.7045113181549889,0.7908969273211031,0.5549628435566555,0.1316487089023069,2.2694808995045908e-17,0.9998115295295052,-0.000295431871573,2968,1705,290,1037,SCRE-Static,weighted_sum_plus_isotonic,validation,validation_static_metric_weighting,True,lower_is_better,False,higher_is_better,False,higher_is_better,False,higher_is_better,False,higher_is_better,False,lower_is_better,True,lower_is_better,True,True
taiwan,SCRE-Pareto,scre_pareto,validation,,0.13,validation_cost_min_B_FN5_FP1,B_FN5_FP1,5.0,1.0,3154.0,False,0.6223333333333333,0.35090504922197524,0.8327053504144687,0.4937444146559428,0.5625936229402954,0.684452131219886,0.7917500863963661,0.5558911071248206,0.13181267489635232,6.448545401364451e-18,0.9998090981896831,-0.00027671675826020786,2629,2044,222,1105,SCRE-Pareto,weighted_sum_plus_isotonic,validation,validation,True,lower_is_better,False,higher_is_better,True,higher_is_better,False,higher_is_better,False,higher_is_better,False,lower_is_better,False,lower_is_better,True,True
taiwan,SCRE-Optimized,scre_optimized,validation,,0.12,validation_cost_min_B_FN5_FP1,B_FN5_FP1,5.0,1.0,3112.0,False,0.6426666666666667,0.3632407097422163,0.8176337603617182,0.5030134445989801,0.5929809544190028,0.6963054269388469,0.7913193543502405,0.5532305952475053,0.13172358838939358,1.656082678399192e-17,0.9998256401574539,-0.0002648232588182307,2771,1902,242,1085,SCRE-Optimized,weighted_sum_plus_isotonic,validation,validation,True,lower_is_better,True,higher_is_better,False,higher_is_better,False,higher_is_better,False,higher_is_better,False,lower_is_better,False,lower_is_better,True,True
