t_low,t_high,expected_policy_cost,low_count,manual_review_count,high_count,low_rate,manual_review_rate,high_rate,low_false_negative,high_false_positive,low_true_negative,high_true_positive,manual_review_default,manual_review_non_default,high_risk_precision,high_risk_recall,review_capture_recall,auto_decision_rate,meets_review_capture_recall,meets_review_rate,meets_constraints
0.1,0.5,736.5,79,847,1048,0.04002026342451875,0.42907801418439717,0.5309017223910841,8,273,71,775,244,603,0.7395038167938931,0.7546251217137293,0.9922103213242454,0.5709219858156028,True,True,True
0.1,0.45,741.0,79,764,1131,0.04002026342451875,0.38703140830800403,0.5729483282674772,8,319,71,812,207,557,0.717948717948718,0.7906523855890945,0.9922103213242454,0.6129685916919959,True,True,True
0.05,0.45,744.5,2,841,1131,0.0010131712259371835,0.4260385005065856,0.5729483282674772,1,319,1,812,214,627,0.717948717948718,0.7906523855890945,0.9990262901655307,0.5739614994934144,True,True,True
0.1,0.4,745.5,79,699,1196,0.04002026342451875,0.3541033434650456,0.6058763931104356,8,356,71,840,179,520,0.7023411371237458,0.8179162609542356,0.9922103213242454,0.6458966565349544,True,True,True
0.05,0.4,749.0,2,776,1196,0.0010131712259371835,0.39311043566362713,0.6058763931104356,1,356,1,840,186,590,0.7023411371237458,0.8179162609542356,0.9990262901655307,0.6068895643363729,True,True,True
0.1,0.35,753.5,79,611,1284,0.04002026342451875,0.30952380952380953,0.6504559270516718,8,408,71,876,143,468,0.6822429906542056,0.8529698149951315,0.9922103213242454,0.6904761904761905,True,True,True
0.05,0.35,757.0,2,688,1284,0.0010131712259371835,0.3485309017223911,0.6504559270516718,1,408,1,876,150,538,0.6822429906542056,0.8529698149951315,0.9990262901655307,0.6514690982776089,True,True,True
0.1,0.3,760.5,79,525,1370,0.04002026342451875,0.26595744680851063,0.6940222897669707,8,458,71,912,107,418,0.6656934306569343,0.8880233690360273,0.9922103213242454,0.7340425531914894,True,True,True
0.05,0.3,764.0,2,602,1370,0.0010131712259371835,0.3049645390070922,0.6940222897669707,1,458,1,912,114,488,0.6656934306569343,0.8880233690360273,0.9990262901655307,0.6950354609929078,True,True,True
0.1,0.25,782.0,79,416,1479,0.04002026342451875,0.21073961499493415,0.7492401215805471,8,534,71,945,74,342,0.6389452332657201,0.9201557935735151,0.9922103213242454,0.7892603850050659,True,True,True
0.05,0.25,785.5,2,493,1479,0.0010131712259371835,0.24974670719351572,0.7492401215805471,1,534,1,945,81,412,0.6389452332657201,0.9201557935735151,0.9990262901655307,0.7502532928064843,True,True,True
0.15,0.55,787.5,235,781,958,0.11904761904761904,0.3956433637284701,0.48530901722391084,34,227,201,731,262,519,0.7630480167014614,0.7117818889970788,0.9668938656280428,0.6043566362715299,True,True,True
0.15,0.5,788.5,235,691,1048,0.11904761904761904,0.35005065856129686,0.5309017223910841,34,273,201,775,218,473,0.7395038167938931,0.7546251217137293,0.9668938656280428,0.6499493414387031,True,True,True
0.15,0.45,793.0,235,608,1131,0.11904761904761904,0.3080040526849038,0.5729483282674772,34,319,201,812,181,427,0.717948717948718,0.7906523855890945,0.9668938656280428,0.6919959473150963,True,True,True
0.15,0.6,796.0,235,864,875,0.11904761904761904,0.4376899696048632,0.4432624113475177,34,194,201,681,312,552,0.7782857142857142,0.6630963972736125,0.9668938656280428,0.5623100303951368,True,True,True
0.15,0.4,797.5,235,543,1196,0.11904761904761904,0.2750759878419453,0.6058763931104356,34,356,201,840,153,390,0.7023411371237458,0.8179162609542356,0.9668938656280428,0.7249240121580547,True,True,True
0.15,0.35,805.5,235,455,1284,0.11904761904761904,0.23049645390070922,0.6504559270516718,34,408,201,876,117,338,0.6822429906542056,0.8529698149951315,0.9668938656280428,0.7695035460992907,True,True,True
0.15,0.3,812.5,235,369,1370,0.11904761904761904,0.18693009118541035,0.6940222897669707,34,458,201,912,81,288,0.6656934306569343,0.8880233690360273,0.9668938656280428,0.8130699088145896,True,True,True
0.1,0.2,819.5,79,299,1596,0.04002026342451875,0.1514690982776089,0.8085106382978723,8,630,71,966,53,246,0.6052631578947368,0.9406037000973709,0.9922103213242454,0.8485309017223911,True,True,True
0.05,0.2,823.0,2,376,1596,0.0010131712259371835,0.19047619047619047,0.8085106382978723,1,630,1,966,60,316,0.6052631578947368,0.9406037000973709,0.9990262901655307,0.8095238095238095,True,True,True
0.15,0.25,834.0,235,260,1479,0.11904761904761904,0.13171225937183384,0.7492401215805471,34,534,201,945,48,212,0.6389452332657201,0.9201557935735151,0.9668938656280428,0.8682877406281662,True,True,True
0.2,0.55,851.0,378,638,958,0.19148936170212766,0.3232016210739615,0.48530901722391084,61,227,317,731,235,403,0.7630480167014614,0.7117818889970788,0.9406037000973709,0.6767983789260384,True,True,True
0.2,0.5,852.0,378,548,1048,0.19148936170212766,0.27760891590678827,0.5309017223910841,61,273,317,775,191,357,0.7395038167938931,0.7546251217137293,0.9406037000973709,0.7223910840932117,True,True,True
0.2,0.45,856.5,378,465,1131,0.19148936170212766,0.23556231003039513,0.5729483282674772,61,319,317,812,154,311,0.717948717948718,0.7906523855890945,0.9406037000973709,0.7644376899696048,True,True,True
0.2,0.6,859.5,378,721,875,0.19148936170212766,0.36524822695035464,0.4432624113475177,61,194,317,681,285,436,0.7782857142857142,0.6630963972736125,0.9406037000973709,0.6347517730496454,True,True,True
0.2,0.4,861.0,378,400,1196,0.19148936170212766,0.20263424518743667,0.6058763931104356,61,356,317,840,126,274,0.7023411371237458,0.8179162609542356,0.9406037000973709,0.7973657548125633,True,True,True
0.1,0.15,864.0,79,156,1739,0.04002026342451875,0.0790273556231003,0.8809523809523809,8,746,71,993,26,130,0.5710178263369753,0.9668938656280428,0.9922103213242454,0.9209726443768997,True,True,True
0.05,0.15,867.5,2,233,1739,0.0010131712259371835,0.11803444782168186,0.8809523809523809,1,746,1,993,33,200,0.5710178263369753,0.9668938656280428,0.9990262901655307,0.8819655521783182,True,True,True
0.2,0.35,869.0,378,312,1284,0.19148936170212766,0.1580547112462006,0.6504559270516718,61,408,317,876,90,222,0.6822429906542056,0.8529698149951315,0.9406037000973709,0.8419452887537994,True,True,True
0.15,0.2,871.5,235,143,1596,0.11904761904761904,0.07244174265450862,0.8085106382978723,34,630,201,966,27,116,0.6052631578947368,0.9406037000973709,0.9668938656280428,0.9275582573454914,True,True,True
0.2,0.65,872.0,378,812,784,0.19148936170212766,0.41134751773049644,0.3971631205673759,61,161,317,623,343,469,0.7946428571428571,0.6066212268743915,0.9406037000973709,0.5886524822695035,True,True,True
0.2,0.3,876.0,378,226,1370,0.19148936170212766,0.11448834853090173,0.6940222897669707,61,458,317,912,54,172,0.6656934306569343,0.8880233690360273,0.9406037000973709,0.8855116514690983,True,True,True
0.2,0.25,897.5,378,117,1479,0.19148936170212766,0.05927051671732523,0.7492401215805471,61,534,317,945,21,96,0.6389452332657201,0.9201557935735151,0.9406037000973709,0.9407294832826748,True,True,True
0.25,0.55,897.5,495,521,958,0.2507598784194529,0.26393110435663625,0.48530901722391084,82,227,413,731,214,307,0.7630480167014614,0.7117818889970788,0.9201557935735151,0.7360688956433638,True,True,True
0.25,0.5,898.5,495,431,1048,0.2507598784194529,0.21833839918946302,0.5309017223910841,82,273,413,775,170,261,0.7395038167938931,0.7546251217137293,0.9201557935735151,0.7816616008105369,True,True,True
0.25,0.45,903.0,495,348,1131,0.2507598784194529,0.1762917933130699,0.5729483282674772,82,319,413,812,133,215,0.717948717948718,0.7906523855890945,0.9201557935735151,0.8237082066869301,True,True,True
0.25,0.6,906.0,495,604,875,0.2507598784194529,0.3059777102330294,0.4432624113475177,82,194,413,681,264,340,0.7782857142857142,0.6630963972736125,0.9201557935735151,0.6940222897669707,True,True,True
0.25,0.4,907.5,495,283,1196,0.2507598784194529,0.14336372847011145,0.6058763931104356,82,356,413,840,105,178,0.7023411371237458,0.8179162609542356,0.9201557935735151,0.8566362715298885,True,True,True
0.25,0.35,915.5,495,195,1284,0.2507598784194529,0.09878419452887538,0.6504559270516718,82,408,413,876,69,126,0.6822429906542056,0.8529698149951315,0.9201557935735151,0.9012158054711246,True,True,True
0.25,0.65,918.5,495,695,784,0.2507598784194529,0.35207700101317124,0.3971631205673759,82,161,413,623,322,373,0.7946428571428571,0.6066212268743915,0.9201557935735151,0.6479229989868288,True,True,True
0.05,0.1,919.5,2,77,1895,0.0010131712259371835,0.03900709219858156,0.9599797365754813,1,876,1,1019,7,70,0.5377308707124011,0.9922103213242454,0.9990262901655307,0.9609929078014184,True,True,True
0.25,0.3,922.5,495,109,1370,0.2507598784194529,0.05521783181357649,0.6940222897669707,82,458,413,912,33,76,0.6656934306569343,0.8880233690360273,0.9201557935735151,0.9447821681864235,True,True,True
0.25,0.7,932.5,495,815,664,0.2507598784194529,0.41286727456940225,0.3363728470111449,82,115,413,549,396,419,0.8268072289156626,0.5345666991236612,0.9201557935735151,0.5871327254305978,True,True,True
0.3,0.55,1008.0,604,412,958,0.3059777102330294,0.20871327254305977,0.48530901722391084,115,227,489,731,181,231,0.7630480167014614,0.7117818889970788,0.8880233690360273,0.7912867274569402,True,True,True
0.3,0.5,1009.0,604,322,1048,0.3059777102330294,0.16312056737588654,0.5309017223910841,115,273,489,775,137,185,0.7395038167938931,0.7546251217137293,0.8880233690360273,0.8368794326241135,True,True,True
0.3,0.45,1013.5,604,239,1131,0.3059777102330294,0.12107396149949341,0.5729483282674772,115,319,489,812,100,139,0.717948717948718,0.7906523855890945,0.8880233690360273,0.8789260385005065,True,True,True
0.3,0.6,1016.5,604,495,875,0.3059777102330294,0.2507598784194529,0.4432624113475177,115,194,489,681,231,264,0.7782857142857142,0.6630963972736125,0.8880233690360273,0.7492401215805471,True,True,True
0.3,0.4,1018.0,604,174,1196,0.3059777102330294,0.08814589665653495,0.6058763931104356,115,356,489,840,72,102,0.7023411371237458,0.8179162609542356,0.8880233690360273,0.9118541033434651,True,True,True
0.3,0.35,1026.0,604,86,1284,0.3059777102330294,0.04356636271529889,0.6504559270516718,115,408,489,876,36,50,0.6822429906542056,0.8529698149951315,0.8880233690360273,0.9564336372847011,True,True,True
0.3,0.65,1029.0,604,586,784,0.3059777102330294,0.2968591691995947,0.3971631205673759,115,161,489,623,289,297,0.7946428571428571,0.6066212268743915,0.8880233690360273,0.7031408308004052,True,True,True
0.3,0.7,1043.0,604,706,664,0.3059777102330294,0.3576494427558257,0.3363728470111449,115,115,489,549,363,343,0.8268072289156626,0.5345666991236612,0.8880233690360273,0.6423505572441742,True,True,True
0.3,0.75,1072.0,604,820,550,0.3059777102330294,0.4154002026342452,0.2786220871327254,115,87,489,463,449,371,0.8418181818181818,0.4508276533592989,0.8880233690360273,0.5845997973657548,True,True,True
0.35,0.55,1145.0,690,326,958,0.3495440729483283,0.1651469098277609,0.48530901722391084,151,227,539,731,145,181,0.7630480167014614,0.7117818889970788,0.8529698149951315,0.8348530901722391,True,True,True
0.35,0.5,1146.0,690,236,1048,0.3495440729483283,0.11955420466058764,0.5309017223910841,151,273,539,775,101,135,0.7395038167938931,0.7546251217137293,0.8529698149951315,0.8804457953394124,True,True,True
0.35,0.45,1150.5,690,153,1131,0.3495440729483283,0.07750759878419453,0.5729483282674772,151,319,539,812,64,89,0.717948717948718,0.7906523855890945,0.8529698149951315,0.9224924012158054,True,True,True
0.35,0.6,1153.5,690,409,875,0.3495440729483283,0.207193515704154,0.4432624113475177,151,194,539,681,195,214,0.7782857142857142,0.6630963972736125,0.8529698149951315,0.792806484295846,True,True,True
0.35,0.4,1155.0,690,88,1196,0.3495440729483283,0.044579533941236066,0.6058763931104356,151,356,539,840,36,52,0.7023411371237458,0.8179162609542356,0.8529698149951315,0.955420466058764,True,True,True
0.35,0.65,1166.0,690,500,784,0.3495440729483283,0.25329280648429586,0.3971631205673759,151,161,539,623,253,247,0.7946428571428571,0.6066212268743915,0.8529698149951315,0.7467071935157041,True,True,True
0.35,0.7,1180.0,690,620,664,0.3495440729483283,0.3140830800405269,0.3363728470111449,151,115,539,549,327,293,0.8268072289156626,0.5345666991236612,0.8529698149951315,0.6859169199594731,True,True,True
0.35,0.75,1209.0,690,734,550,0.3495440729483283,0.3718338399189463,0.2786220871327254,151,87,539,463,413,321,0.8418181818181818,0.4508276533592989,0.8529698149951315,0.6281661600810537,True,True,True
0.35,0.8,1250.5,690,879,405,0.3495440729483283,0.4452887537993921,0.20516717325227962,151,56,539,349,527,352,0.8617283950617284,0.33982473222979553,0.8529698149951315,0.5547112462006079,True,True,True
0.4,0.55,1281.0,778,238,958,0.3941236068895643,0.12056737588652482,0.48530901722391084,187,227,591,731,109,129,0.7630480167014614,0.7117818889970788,0.8179162609542356,0.8794326241134752,True,True,True
0.4,0.5,1282.0,778,148,1048,0.3941236068895643,0.07497467071935157,0.5309017223910841,187,273,591,775,65,83,0.7395038167938931,0.7546251217137293,0.8179162609542356,0.9250253292806484,True,True,True
0.4,0.45,1286.5,778,65,1131,0.3941236068895643,0.03292806484295846,0.5729483282674772,187,319,591,812,28,37,0.717948717948718,0.7906523855890945,0.8179162609542356,0.9670719351570415,True,True,True
0.4,0.6,1289.5,778,321,875,0.3941236068895643,0.16261398176291794,0.4432624113475177,187,194,591,681,159,162,0.7782857142857142,0.6630963972736125,0.8179162609542356,0.837386018237082,True,True,True
0.4,0.65,1302.0,778,412,784,0.3941236068895643,0.20871327254305977,0.3971631205673759,187,161,591,623,217,195,0.7946428571428571,0.6066212268743915,0.8179162609542356,0.7912867274569402,True,True,True
0.4,0.7,1316.0,778,532,664,0.3941236068895643,0.2695035460992908,0.3363728470111449,187,115,591,549,291,241,0.8268072289156626,0.5345666991236612,0.8179162609542356,0.7304964539007093,True,True,True
0.4,0.75,1345.0,778,646,550,0.3941236068895643,0.3272543059777102,0.2786220871327254,187,87,591,463,377,269,0.8418181818181818,0.4508276533592989,0.8179162609542356,0.6727456940222898,True,True,True
0.4,0.8,1386.5,778,791,405,0.3941236068895643,0.40070921985815605,0.20516717325227962,187,56,591,349,491,300,0.8617283950617284,0.33982473222979553,0.8179162609542356,0.599290780141844,True,True,True
0.45,0.55,1388.5,843,173,958,0.4270516717325228,0.08763931104356636,0.48530901722391084,215,227,628,731,81,92,0.7630480167014614,0.7117818889970788,0.7906523855890945,0.9123606889564336,True,True,True
0.45,0.5,1389.5,843,83,1048,0.4270516717325228,0.04204660587639311,0.5309017223910841,215,273,628,775,37,46,0.7395038167938931,0.7546251217137293,0.7906523855890945,0.9579533941236069,True,True,True
0.45,0.6,1397.0,843,256,875,0.4270516717325228,0.12968591691995948,0.4432624113475177,215,194,628,681,131,125,0.7782857142857142,0.6630963972736125,0.7906523855890945,0.8703140830800405,True,True,True
0.45,0.65,1409.5,843,347,784,0.4270516717325228,0.1757852077001013,0.3971631205673759,215,161,628,623,189,158,0.7946428571428571,0.6066212268743915,0.7906523855890945,0.8242147922998987,True,True,True
0.45,0.7,1423.5,843,467,664,0.4270516717325228,0.23657548125633232,0.3363728470111449,215,115,628,549,263,204,0.8268072289156626,0.5345666991236612,0.7906523855890945,0.7634245187436677,True,True,True
0.45,0.75,1452.5,843,581,550,0.4270516717325228,0.29432624113475175,0.2786220871327254,215,87,628,463,349,232,0.8418181818181818,0.4508276533592989,0.7906523855890945,0.7056737588652482,True,True,True
0.45,0.8,1494.0,843,726,405,0.4270516717325228,0.3677811550151976,0.20516717325227962,215,56,628,349,463,263,0.8617283950617284,0.33982473222979553,0.7906523855890945,0.6322188449848024,True,True,True
0.5,0.55,1532.0,926,90,958,0.4690982776089159,0.04559270516717325,0.48530901722391084,252,227,674,731,44,46,0.7630480167014614,0.7117818889970788,0.7546251217137293,0.9544072948328267,True,True,True
0.5,0.6,1540.5,926,173,875,0.4690982776089159,0.08763931104356636,0.4432624113475177,252,194,674,681,94,79,0.7782857142857142,0.6630963972736125,0.7546251217137293,0.9123606889564336,True,True,True
0.45,0.85,1541.5,843,877,254,0.4270516717325228,0.4442755825734549,0.1286727456940223,215,28,628,226,586,291,0.889763779527559,0.22005842259006816,0.7906523855890945,0.5557244174265451,True,True,True
0.5,0.65,1553.0,926,264,784,0.4690982776089159,0.1337386018237082,0.3971631205673759,252,161,674,623,152,112,0.7946428571428571,0.6066212268743915,0.7546251217137293,0.8662613981762918,True,True,True
0.5,0.7,1567.0,926,384,664,0.4690982776089159,0.1945288753799392,0.3363728470111449,252,115,674,549,226,158,0.8268072289156626,0.5345666991236612,0.7546251217137293,0.8054711246200608,True,True,True
0.5,0.75,1596.0,926,498,550,0.4690982776089159,0.25227963525835867,0.2786220871327254,252,87,674,463,312,186,0.8418181818181818,0.4508276533592989,0.7546251217137293,0.7477203647416414,True,True,True
0.5,0.8,1637.5,926,643,405,0.4690982776089159,0.32573454913880445,0.20516717325227962,252,56,674,349,426,217,0.8617283950617284,0.33982473222979553,0.7546251217137293,0.6742654508611955,True,True,True
0.5,0.85,1685.0,926,794,254,0.4690982776089159,0.4022289766970618,0.1286727456940223,252,28,674,226,549,245,0.889763779527559,0.22005842259006816,0.7546251217137293,0.5977710233029382,True,True,True
