dataset,study_name,trial_number,state,objective,primary_metric_pr_auc,cv_n_splits,cv_n_repeats,cv_total_folds,metric_pr_auc,metric_roc_auc,metric_recall,metric_brier_score,metric_fn_weighted_cost,metric_fn,metric_fp,metric_tp,metric_tn,metric_pr_auc_std,param_model_type,param_lgbm_n_estimators,param_lgbm_learning_rate,param_lgbm_num_leaves,param_lgbm_max_depth,param_lgbm_min_child_samples,param_lgbm_subsample,param_lgbm_colsample_bytree,param_lgbm_reg_alpha,param_lgbm_reg_lambda,param_lgbm_class_weight
taiwan,taiwan_pr_auc_optuna,0,COMPLETE,mean_cv_pr_auc,0.5233874216984816,5,3,15,0.5233874216984816,0.7587666766872532,0.3627149759672473,0.14546043196973307,2717.3333333333335,507.53333333333336,179.66666666666666,288.8666666666667,2623.9333333333334,0.011855818161075298,lightgbm,350,0.13125830316209655,74,7,30,0.7045980821176709,0.6703292642588699,0.3426417745118369,0.3849583075868115,
taiwan,taiwan_pr_auc_optuna,1,COMPLETE,mean_cv_pr_auc,0.5383860281617954,5,3,15,0.5383860281617954,0.7686754005505915,0.3730099682855936,0.1389423320094939,2657.733333333333,499.3333333333333,161.06666666666666,297.06666666666666,2642.5333333333333,0.011986332171369813,lightgbm,650,0.09528587217040241,32,4,34,0.7564847850358383,0.8336647510712832,5.7210634014350856e-05,0.017888967192999938,
taiwan,taiwan_pr_auc_optuna,2,COMPLETE,mean_cv_pr_auc,0.5558144786802613,5,3,15,0.5558144786802613,0.7799225468027767,0.37267443448946946,0.13493283837097764,2647.733333333333,499.6,149.73333333333332,296.8,2653.866666666667,0.011054501166947693,lightgbm,300,0.026969628335735185,51,9,36,0.8299820534447641,0.8573450991017149,2.535541638745669e-08,0.4102689328356389,
taiwan,taiwan_pr_auc_optuna,3,COMPLETE,mean_cv_pr_auc,0.5182087091238319,5,3,15,0.5182087091238319,0.7531772529156147,0.5177478778249255,0.16112526004872854,2339.4,384.06666666666666,419.06666666666666,412.3333333333333,2384.5333333333333,0.013194998300792312,lightgbm,650,0.13666943328202277,80,5,22,0.8894815592792549,0.8040533728088605,1.1524098038940883e-07,0.13482509766281273,balanced
taiwan,taiwan_pr_auc_optuna,4,COMPLETE,mean_cv_pr_auc,0.5540706819021497,5,3,15,0.5540706819021497,0.7785624665513075,0.3730915136115542,0.13542068900761242,2648.5333333333333,499.26666666666665,152.2,297.1333333333333,2651.4,0.012181954081554532,lightgbm,250,0.06014321882783976,40,7,81,0.7146990594339345,0.9893546197175955,0.05531681668096113,10.985330528057915,
taiwan,taiwan_pr_auc_optuna,5,COMPLETE,mean_cv_pr_auc,0.5632775914143312,5,3,15,0.5632775914143312,0.7875921317014548,0.6455708067733062,0.17802174330056422,2000.2,282.26666666666665,588.8666666666667,514.1333333333333,2214.733333333333,0.013011607089659871,lightgbm,650,0.012707942999213693,30,3,52,0.7860370513913187,0.7449721611208636,0.16186864586521713,0.03422998896745789,balanced
taiwan,taiwan_pr_auc_optuna,6,COMPLETE,mean_cv_pr_auc,0.5525922707965705,5,3,15,0.5525922707965705,0.7779689920843065,0.6266529216555382,0.17122973492525737,2055.266666666667,297.3333333333333,568.6,499.06666666666666,2235.0,0.012439197761385478,lightgbm,200,0.08779238696445962,21,10,111,0.7195504885369604,0.6519327409932608,0.12407220650925027,1.0970202353810494,balanced
taiwan,taiwan_pr_auc_optuna,7,COMPLETE,mean_cv_pr_auc,0.5627221537010325,5,3,15,0.5627221537010325,0.7858894797884921,0.36815413327616753,0.13314231313513478,2653.8,503.2,137.8,293.2,2665.8,0.010382578795167498,lightgbm,150,0.026399056774268962,24,9,91,0.7658143086984273,0.6722454226001083,5.07254476651829e-06,0.0250393598794207,
taiwan,taiwan_pr_auc_optuna,8,COMPLETE,mean_cv_pr_auc,0.5477837722350188,5,3,15,0.5477837722350188,0.7748166399099556,0.37275787133072297,0.13647168239865434,2654.0,499.53333333333336,156.33333333333334,296.8666666666667,2647.266666666667,0.011720952932328442,lightgbm,600,0.035922606902684895,24,8,109,0.8464470191493236,0.9198385129840964,0.00019747543585570707,0.17712896252111063,
taiwan,taiwan_pr_auc_optuna,9,COMPLETE,mean_cv_pr_auc,0.56325301102604,5,3,15,0.56325301102604,0.7853537092283686,0.33893894398802876,0.1338541159206947,2749.4,526.4666666666667,117.06666666666666,269.93333333333334,2686.5333333333333,0.011410433698093437,lightgbm,200,0.010888388058113131,66,5,76,0.9676482658741326,0.7372522802021062,3.714571632470118e-05,1.7768391314043337,
taiwan,taiwan_pr_auc_optuna,10,COMPLETE,mean_cv_pr_auc,0.5638303107028987,5,3,15,0.5638303107028987,0.7865748114220247,0.6428914753609117,0.17922749557959702,2012.8,284.4,590.8,512.0,2212.8,0.014201066069986485,lightgbm,500,0.010163732690779375,93,3,53,0.9266214968784882,0.7402744334105222,3.0267439880502245,0.0018888677153023978,balanced
taiwan,taiwan_pr_auc_optuna,11,COMPLETE,mean_cv_pr_auc,0.5645749254099663,5,3,15,0.5645749254099663,0.7867517189848805,0.6441464957577516,0.1792154515553698,2007.4666666666667,283.4,590.4666666666667,513.0,2213.133333333333,0.01438042745989994,lightgbm,500,0.010240037763983948,92,3,54,0.9445080213937274,0.7507447708507642,4.894705064964968,0.0011221265042614342,balanced
taiwan,taiwan_pr_auc_optuna,12,COMPLETE,mean_cv_pr_auc,0.5628822007099757,5,3,15,0.5628822007099757,0.7877253200652278,0.6478308522957742,0.1782422912607164,1995.3333333333333,280.46666666666664,593.0,515.9333333333333,2210.6,0.014566355928583356,lightgbm,500,0.016587650901231352,95,3,55,0.9968697813265434,0.7444467563363363,4.616554144664161,0.0015249699475815357,balanced
taiwan,taiwan_pr_auc_optuna,13,COMPLETE,mean_cv_pr_auc,0.564255119916755,5,3,15,0.564255119916755,0.7852666808453396,0.6315080210756838,0.17440792916892356,2028.8,293.46666666666664,561.4666666666667,502.93333333333334,2242.133333333333,0.011719577832609436,lightgbm,450,0.017954808426457233,89,5,58,0.920285400054078,0.7658194946323852,0.005475303892805465,0.0011490949165735087,balanced
taiwan,taiwan_pr_auc_optuna,14,COMPLETE,mean_cv_pr_auc,0.563871677102331,5,3,15,0.563871677102331,0.7846051965940635,0.6316752100107395,0.1742122928814666,2030.1333333333334,293.3333333333333,563.4666666666667,503.06666666666666,2240.133333333333,0.011767749729519387,lightgbm,450,0.02006946055241164,82,5,64,0.908298185869279,0.7989135045353878,0.004061617497321563,0.004072014512469717,balanced
taiwan,taiwan_pr_auc_optuna,15,COMPLETE,mean_cv_pr_auc,0.5603040906215614,5,3,15,0.5603040906215614,0.781450121782905,0.6107490610728254,0.17055854260533637,2071.6,310.0,521.6,486.4,2282.0,0.01223378014498824,lightgbm,400,0.016124937997634658,62,6,10,0.9542803662732469,0.9049085363667999,0.0033987001736404503,0.005404572590809408,balanced
taiwan,taiwan_pr_auc_optuna,16,COMPLETE,mean_cv_pr_auc,0.5567493049666592,5,3,15,0.5567493049666592,0.7804508799074532,0.632595642369102,0.17369212655557567,2039.8,292.6,576.8,503.8,2226.8,0.012995385478790885,lightgbm,550,0.04551550443996615,86,4,89,0.8703743716530045,0.7033674246094479,0.002816574722285798,0.0012389603927161722,balanced
taiwan,taiwan_pr_auc_optuna,17,COMPLETE,mean_cv_pr_auc,0.5641333350653237,5,3,15,0.5641333350653237,0.7865028832859015,0.6398793423411496,0.17732946921253226,2011.6,286.8,577.6,509.6,2226.0,0.01242786960040926,lightgbm,400,0.014992819658965555,74,4,60,0.9362705579719851,0.7888889607336366,0.028733813708015078,0.008054842271117328,balanced
taiwan,taiwan_pr_auc_optuna,18,COMPLETE,mean_cv_pr_auc,0.5573449076434578,5,3,15,0.5573449076434578,0.780899406114574,0.6284950473824581,0.17426244169213156,2046.4666666666667,295.8666666666667,567.1333333333333,500.53333333333336,2236.4666666666667,0.011062264653030075,lightgbm,500,0.020967453626165772,49,6,139,0.9909877297867327,0.8610573138770843,1.5212196370638048e-06,0.06287720824038975,balanced
taiwan,taiwan_pr_auc_optuna,19,COMPLETE,mean_cv_pr_auc,0.5632869607220506,5,3,15,0.5632869607220506,0.786170433619132,0.6370328219936991,0.175546518895145,2020.8,289.06666666666666,575.4666666666667,507.3333333333333,2228.133333333333,0.011415820700221409,lightgbm,350,0.028491226355714237,89,4,41,0.8695208417606631,0.7707322258101168,0.0007586486238553925,0.009836923003465187,balanced
taiwan,taiwan_pr_auc_optuna,20,COMPLETE,mean_cv_pr_auc,0.5634539504660547,5,3,15,0.5634539504660547,0.785787160417834,0.6330142977539307,0.1748441913420615,2025.2666666666667,292.26666666666665,563.9333333333333,504.1333333333333,2239.6666666666665,0.012370450412682296,lightgbm,550,0.013595616619558493,63,5,68,0.7970883690356789,0.7153267362368871,1.0362657579539434,0.0032320005897505813,balanced
taiwan,taiwan_pr_auc_optuna,21,COMPLETE,mean_cv_pr_auc,0.5643768690173351,5,3,15,0.5643768690173351,0.7866861782032148,0.6411343627379894,0.17702199092160292,2007.5333333333333,285.8,578.5333333333333,510.6,2225.0666666666666,0.012576874353342102,lightgbm,400,0.016118647995452737,75,4,49,0.9449232581417265,0.786680333917782,0.02140755903884785,0.007687858325851813,balanced
taiwan,taiwan_pr_auc_optuna,22,COMPLETE,mean_cv_pr_auc,0.563160885527148,5,3,15,0.563160885527148,0.7871074100618555,0.6459054998959667,0.17833557873950537,2000.3333333333333,282.0,590.3333333333334,514.4,2213.266666666667,0.014055690221405804,lightgbm,350,0.02007042136128837,75,3,20,0.9128808878438445,0.7678225663736662,0.016636789864359486,0.001058821493024958,balanced
taiwan,taiwan_pr_auc_optuna,23,COMPLETE,mean_cv_pr_auc,0.5641818368610688,5,3,15,0.5641818368610688,0.786550444695486,0.6391249429918309,0.1774004230882414,2014.1333333333334,287.4,577.1333333333333,509.0,2226.4666666666667,0.011683331138729549,lightgbm,450,0.012188779821053682,86,4,45,0.963578130556966,0.8261238035502704,0.01194047280793565,0.003073039071702043,balanced
taiwan,taiwan_pr_auc_optuna,24,COMPLETE,mean_cv_pr_auc,0.5617057789948009,5,3,15,0.5617057789948009,0.7829862806974394,0.6255651952779372,0.1724940933517976,2038.7333333333333,298.2,547.7333333333333,498.2,2255.866666666667,0.011844490778521377,lightgbm,450,0.018507242581937578,78,6,67,0.6500917393066497,0.697018590597043,0.6345287989189186,0.011462343628622156,balanced
taiwan,taiwan_pr_auc_optuna,25,COMPLETE,mean_cv_pr_auc,0.5644261304757268,5,3,15,0.5644261304757268,0.78612235763778,0.6299183075561832,0.1753405314131923,2033.3333333333333,294.73333333333335,559.6666666666666,501.6666666666667,2243.9333333333334,0.011897821677591838,lightgbm,550,0.01038365354618601,67,5,47,0.9467518070570439,0.7714643859897203,0.0020943549674713657,0.0029072636429042717,balanced
taiwan,taiwan_pr_auc_optuna,26,COMPLETE,mean_cv_pr_auc,0.5632782744133065,5,3,15,0.5632782744133065,0.7865478849834489,0.6454025669964208,0.17895412714631,2000.8666666666666,282.4,588.8666666666667,514.0,2214.733333333333,0.014479990684859301,lightgbm,550,0.010186403802938017,66,3,46,0.9502283332383994,0.8660667400942353,0.0006694124351525697,0.0030580294973460037,balanced
taiwan,taiwan_pr_auc_optuna,27,COMPLETE,mean_cv_pr_auc,0.5640461512925837,5,3,15,0.5640461512925837,0.7861322022961935,0.6383730656629025,0.17613803136055223,2016.7333333333333,288.0,576.7333333333333,508.4,2226.866666666667,0.011680309462482965,lightgbm,600,0.01352266965171803,72,4,28,0.9769614673056255,0.8152172448512801,0.0006699680571760576,0.05113401711701574,balanced
taiwan,taiwan_pr_auc_optuna,28,COMPLETE,mean_cv_pr_auc,0.5605249464371292,5,3,15,0.5605249464371292,0.7814909839934805,0.6119200141233142,0.17011474095734236,2066.0666666666666,309.06666666666666,520.7333333333333,487.3333333333333,2282.866666666667,0.012314631509422093,lightgbm,600,0.01196261194923346,68,6,11,0.8835693857564363,0.7818163532897378,1.5041130212151493e-05,0.006622549365229585,balanced
taiwan,taiwan_pr_auc_optuna,29,COMPLETE,mean_cv_pr_auc,0.5529091292485412,5,3,15,0.5529091292485412,0.7755029739230802,0.5941737125611327,0.16437454951534056,2109.4666666666667,323.2,493.46666666666664,473.2,2310.133333333333,0.013158867695796708,lightgbm,400,0.0333884854185913,57,7,27,0.8451320427610943,0.7193100243367699,0.3461436902386308,0.015581458983335258,balanced
taiwan,taiwan_pr_auc_optuna,30,COMPLETE,mean_cv_pr_auc,0.5651391320989577,5,3,15,0.5651391320989577,0.7864025614547739,0.6321782479944684,0.17609401032024868,2021.2,292.93333333333334,556.5333333333333,503.46666666666664,2247.0666666666666,0.01132830695190424,lightgbm,300,0.014713338038417604,58,5,41,0.8996948550841783,0.6824732145558329,0.00016523700796598382,0.002637323284495996,balanced
taiwan,taiwan_pr_auc_optuna,31,COMPLETE,mean_cv_pr_auc,0.5652534191463463,5,3,15,0.5652534191463463,0.7864179804761996,0.6319269917130614,0.17669894409462175,2022.0666666666666,293.1333333333333,556.4,503.26666666666665,2247.2,0.011425661926266832,lightgbm,250,0.014860940814075567,57,5,42,0.9429245627495639,0.6740270204502739,0.0001356723708193216,0.0022813056257843635,balanced
taiwan,taiwan_pr_auc_optuna,32,COMPLETE,mean_cv_pr_auc,0.5648728700230166,5,3,15,0.5648728700230166,0.7859814237092202,0.6322612644989901,0.17428700392088298,2021.9333333333334,292.8666666666667,557.6,503.53333333333336,2246.0,0.01144261175900037,lightgbm,300,0.02400224889009899,56,5,38,0.8950189601676037,0.6798072480432664,7.696028355814202e-07,0.0024105189957132245,balanced
taiwan,taiwan_pr_auc_optuna,33,COMPLETE,mean_cv_pr_auc,0.562061795120314,5,3,15,0.562061795120314,0.783735167315654,0.622384402144558,0.17199134879446484,2043.6,300.73333333333335,539.9333333333333,495.6666666666667,2263.6666666666665,0.011980431596049142,lightgbm,300,0.0230576373129557,45,6,35,0.897811390221367,0.6797068281900466,7.739761697605822e-07,0.00203988405475516,balanced
taiwan,taiwan_pr_auc_optuna,34,COMPLETE,mean_cv_pr_auc,0.5635967848852069,5,3,15,0.5635967848852069,0.7864853879098017,0.37150253568133434,0.13319438058382504,2644.2,500.53333333333336,141.53333333333333,295.8666666666667,2662.0666666666666,0.0109542697713318,lightgbm,300,0.02386646018775821,43,5,38,0.8668075251423903,0.6512849661573861,1.0023249336404849e-08,0.0020835706330876507,
taiwan,taiwan_pr_auc_optuna,35,COMPLETE,mean_cv_pr_auc,0.5541663124859115,5,3,15,0.5541663124859115,0.7762793465654396,0.5955122748834091,0.16490209355286373,2107.0,322.1333333333333,496.3333333333333,474.26666666666665,2307.266666666667,0.014163571141636317,lightgbm,250,0.04780563171733527,52,7,20,0.895052278961786,0.686091799389421,2.5362700607077365e-07,0.004870748046254791,balanced
taiwan,taiwan_pr_auc_optuna,36,COMPLETE,mean_cv_pr_auc,0.5605763087200022,5,3,15,0.5605763087200022,0.7837315336674023,0.3661441881090942,0.1337911638125345,2663.6666666666665,504.8,139.66666666666666,291.6,2663.9333333333334,0.011733019756426846,lightgbm,250,0.014296417551393655,58,8,34,0.8265468859738819,0.7200483325152752,0.0001269797435231652,0.019443885190826862,
taiwan,taiwan_pr_auc_optuna,37,COMPLETE,mean_cv_pr_auc,0.5643933185932857,5,3,15,0.5643933185932857,0.786247333845282,0.6347728815554141,0.175943712256107,2021.8,290.8666666666667,567.4666666666667,505.53333333333336,2236.133333333333,0.011512147451712331,lightgbm,200,0.030235894154611975,35,5,27,0.9256821161593981,0.6626178669029826,5.817211129912374e-06,6.9456634617294295,balanced
taiwan,taiwan_pr_auc_optuna,38,COMPLETE,mean_cv_pr_auc,0.5637116360708819,5,3,15,0.5637116360708819,0.7852319195227975,0.6251462246405596,0.1749036027453454,2035.5333333333333,298.53333333333336,542.8666666666667,497.8666666666667,2260.733333333333,0.01101621866319979,lightgbm,300,0.011837609250696752,54,6,41,0.9801828302449452,0.6785894744531772,9.08343079365044e-08,0.23430131249427702,balanced
taiwan,taiwan_pr_auc_optuna,39,COMPLETE,mean_cv_pr_auc,0.5562387954189922,5,3,15,0.5562387954189922,0.7823708317163618,0.370079485675975,0.13432157135911318,2654.9333333333334,501.6666666666667,146.6,294.73333333333335,2657.0,0.01157948226437224,lightgbm,250,0.11781924471580811,47,3,70,0.8021472775874509,0.7000694272036246,7.875249815949637e-05,0.03863294423923758,
taiwan,taiwan_pr_auc_optuna,40,COMPLETE,mean_cv_pr_auc,0.5554512425391441,5,3,15,0.5554512425391441,0.7783079821285525,0.616691676702206,0.1696929457980986,2072.3333333333335,305.26666666666665,546.0,491.1333333333333,2257.6,0.011783364208928287,lightgbm,150,0.06812071578974864,39,8,60,0.8457733038168427,0.6626872945419972,2.3402823714802985e-05,0.0010028934026368832,balanced
taiwan,taiwan_pr_auc_optuna,41,COMPLETE,mean_cv_pr_auc,0.5649634691206474,5,3,15,0.5649634691206474,0.7863899913770374,0.6296668411064102,0.17660893825160498,2030.2,294.93333333333334,555.5333333333333,501.46666666666664,2248.0666666666666,0.010792541237059432,lightgbm,350,0.010889986305833578,60,5,46,0.938142085284821,0.7235572927188806,0.00028156602236946817,0.0022343958094325376,balanced
taiwan,taiwan_pr_auc_optuna,42,COMPLETE,mean_cv_pr_auc,0.5648896481383671,5,3,15,0.5648896481383671,0.7858267999412994,0.6306710255585749,0.17623608277732936,2027.0,294.1333333333333,556.3333333333334,502.26666666666665,2247.266666666667,0.011763677345739458,lightgbm,350,0.011959293449380166,61,5,32,0.9311937201386498,0.7288158853299033,3.424071608747221e-06,0.0020226331878419068,balanced
taiwan,taiwan_pr_auc_optuna,43,COMPLETE,mean_cv_pr_auc,0.563761118678972,5,3,15,0.563761118678972,0.7843303953134251,0.6279924297354611,0.17530897300436799,2038.6666666666667,296.26666666666665,557.3333333333334,500.1333333333333,2246.266666666667,0.010681256933662557,lightgbm,350,0.014272425905355495,59,5,17,0.883371173827546,0.9989807552485137,7.358157163212661e-06,0.002536603034531596,balanced
taiwan,taiwan_pr_auc_optuna,44,COMPLETE,mean_cv_pr_auc,0.5650415525527765,5,3,15,0.5650415525527765,0.7862045841597189,0.6385399393454096,0.17660992099062012,2017.8,287.8666666666667,578.4666666666667,508.53333333333336,2225.133333333333,0.011503294408533584,lightgbm,300,0.024078173601237103,52,4,30,0.9030880825092487,0.7277962107654603,1.6379475014880886e-06,0.012676966105701955,balanced
taiwan,taiwan_pr_auc_optuna,45,COMPLETE,mean_cv_pr_auc,0.5643675932695619,5,3,15,0.5643675932695619,0.7860099612660972,0.637618561229401,0.1781751068963387,2015.0,288.6,572.0,507.8,2231.6,0.011107503631483785,lightgbm,350,0.011705544055897622,51,4,32,0.932999090006558,0.729706154078575,5.335653359036964e-05,0.01384714080340355,balanced
taiwan,taiwan_pr_auc_optuna,46,COMPLETE,mean_cv_pr_auc,0.5644604092401451,5,3,15,0.5644604092401451,0.7869808774664425,0.3698291751522145,0.13288101035425787,2645.6666666666665,501.8666666666667,136.33333333333334,294.53333333333336,2667.266666666667,0.011982525863990528,lightgbm,350,0.01680810006324207,61,4,25,0.9139793603252738,0.6979762478777507,0.0001910674284167275,0.07748213211659734,
taiwan,taiwan_pr_auc_optuna,47,COMPLETE,mean_cv_pr_auc,0.5637108350164759,5,3,15,0.5637108350164759,0.7857575552562499,0.6305869582122239,0.17902718079892063,2031.2666666666667,294.2,560.2666666666667,502.2,2243.3333333333335,0.011398363969750847,lightgbm,200,0.012751867071230572,70,5,78,0.9635551125653254,0.7535813779291568,1.3812135694377856e-06,0.004213382201742648,balanced
taiwan,taiwan_pr_auc_optuna,48,COMPLETE,mean_cv_pr_auc,0.5576751234936698,5,3,15,0.5576751234936698,0.7792054085668603,0.6079882894186532,0.1673373983214405,2078.2,312.2,517.2,484.2,2286.4,0.0103822362744779,lightgbm,300,0.018642893853080496,63,10,31,0.9062631452190869,0.9560675039529085,0.00036676678222016644,0.02638637123285636,balanced
taiwan,taiwan_pr_auc_optuna,49,COMPLETE,mean_cv_pr_auc,0.5584695537489008,5,3,15,0.5584695537489008,0.7794553699779493,0.6081518004073063,0.16879582739871202,2080.8,312.06666666666666,520.4666666666667,484.3333333333333,2283.133333333333,0.013346088968353233,lightgbm,250,0.03864115008265536,55,6,15,0.8608768436286027,0.7109420177143932,1.2478095375546924e-05,0.0018216456435809695,balanced
taiwan,taiwan_pr_auc_optuna,50,COMPLETE,mean_cv_pr_auc,0.5641862402144001,5,3,15,0.5641862402144001,0.7865146277763553,0.3669823395522152,0.13298650171075385,2654.4666666666667,504.1333333333333,133.8,292.26666666666665,2669.8,0.011610764254009209,lightgbm,300,0.015365866707492879,16,4,43,0.9236650681558424,0.727786930662822,3.0269578235810248e-06,0.8384995186948865,
taiwan,taiwan_pr_auc_optuna,51,COMPLETE,mean_cv_pr_auc,0.5645430544975883,5,3,15,0.5645430544975883,0.7856217024812909,0.6316743693372762,0.17461514570980707,2029.3333333333333,293.3333333333333,562.6666666666666,503.06666666666666,2240.9333333333334,0.01228957831457728,lightgbm,300,0.024423536872265762,55,5,51,0.8905735075681824,0.6863668685586889,2.9794234120962483e-07,0.0049520926398339505,balanced
taiwan,taiwan_pr_auc_optuna,52,COMPLETE,mean_cv_pr_auc,0.5654768154299178,5,3,15,0.5654768154299178,0.7861970641270363,0.6330994159421114,0.17540484711008988,2021.5333333333333,292.2,560.5333333333333,504.2,2243.0666666666666,0.011444586064539342,lightgbm,250,0.021461132600487907,50,5,37,0.7463140250204032,0.669541684921548,4.559878294979776e-08,0.0016778420723022865,balanced
taiwan,taiwan_pr_auc_optuna,53,COMPLETE,mean_cv_pr_auc,0.5654690175714311,5,3,15,0.5654690175714311,0.785748744650823,0.6294148492357228,0.17584202632764093,2032.2,295.1333333333333,556.5333333333333,501.26666666666665,2247.0666666666666,0.011350020732214776,lightgbm,250,0.017666005208435368,49,5,22,0.7565189167496793,0.6626732880494535,4.901857451766383e-08,0.0017065960085326105,balanced
taiwan,taiwan_pr_auc_optuna,54,COMPLETE,mean_cv_pr_auc,0.5626631162718353,5,3,15,0.5626631162718353,0.7842230144757416,0.6216310536370686,0.1733064530598743,2048.5333333333333,301.3333333333333,541.8666666666667,495.06666666666666,2261.733333333333,0.011849078231559609,lightgbm,250,0.022070763139034673,41,6,38,0.7344795965027557,0.6621923436314091,3.607791832099063e-08,0.0014566545570599725,balanced
taiwan,taiwan_pr_auc_optuna,55,COMPLETE,mean_cv_pr_auc,0.5643136087185194,5,3,15,0.5643136087185194,0.7856579643880444,0.6310893656908549,0.17520625321898134,2027.6,293.8,558.6,502.6,2245.0,0.01145345063764217,lightgbm,200,0.026786899814265065,49,5,23,0.7568813808147072,0.6501316541732103,4.356578209937902e-08,0.006600350328653031,balanced
taiwan,taiwan_pr_auc_optuna,56,COMPLETE,mean_cv_pr_auc,0.5628208203096777,5,3,15,0.5628208203096777,0.7853884444818342,0.6344369274225582,0.18067843979070838,2026.7333333333333,291.1333333333333,571.0666666666667,505.26666666666665,2232.5333333333333,0.010970369482583925,lightgbm,150,0.016884601358742073,37,4,112,0.6918798284577233,0.665147372367616,8.711855396123499e-08,0.0014769738995355957,balanced
taiwan,taiwan_pr_auc_optuna,57,COMPLETE,mean_cv_pr_auc,0.5648844696832476,5,3,15,0.5648844696832476,0.786705010119894,0.6387901447849873,0.1777810361067987,2015.0666666666666,287.6666666666667,576.7333333333333,508.73333333333335,2226.866666666667,0.012096792412186431,lightgbm,250,0.019691988596039142,45,4,55,0.7390160118248603,0.6916213072668715,1.8457185577882078e-08,0.0036577756637479883,balanced
taiwan,taiwan_pr_auc_optuna,58,COMPLETE,mean_cv_pr_auc,0.5653827364640134,5,3,15,0.5653827364640134,0.785319205686917,0.6288294252525698,0.17423218838814652,2031.8666666666666,295.6,553.8666666666667,500.8,2249.733333333333,0.011559214620680896,lightgbm,200,0.03122845390150263,29,5,15,0.7775434064068635,0.7072241667025735,2.2929071191845016e-07,0.009956327280485682,balanced
taiwan,taiwan_pr_auc_optuna,59,COMPLETE,mean_cv_pr_auc,0.565734133079664,5,3,15,0.565734133079664,0.786149953431389,0.6382884728956368,0.17673497873861843,2017.0,288.06666666666666,576.6666666666666,508.3333333333333,2226.9333333333334,0.011302255885419017,lightgbm,200,0.03146931078273177,30,4,15,0.7872822848845493,0.7093611183665505,2.4748820300966607e-07,0.011061360168932595,balanced
taiwan,taiwan_pr_auc_optuna,60,COMPLETE,mean_cv_pr_auc,0.5629158303732998,5,3,15,0.5629158303732998,0.783055566720048,0.6223002297140238,0.1713063345645662,2044.9333333333334,300.8,540.9333333333333,495.6,2262.6666666666665,0.01209256800976722,lightgbm,200,0.03959363482870587,29,6,10,0.7816214473016668,0.6720366606314417,2.6431480274561236e-07,0.008936333148101015,balanced
taiwan,taiwan_pr_auc_optuna,61,COMPLETE,mean_cv_pr_auc,0.5657517456297152,5,3,15,0.5657517456297152,0.7863653290753061,0.6381213890447637,0.17695435229560272,2016.4,288.2,575.4,508.2,2228.2,0.01177190266820424,lightgbm,200,0.02967646017990593,28,4,16,0.7743347567270594,0.7070722768626946,1.6485378897040258e-07,0.019934457851250004,balanced
taiwan,taiwan_pr_auc_optuna,62,COMPLETE,mean_cv_pr_auc,0.5662727585950021,5,3,15,0.5662727585950021,0.7860696499286913,0.6379534645204273,0.17753001548355,2016.2,288.3333333333333,574.5333333333333,508.06666666666666,2229.0666666666666,0.011510163848670329,lightgbm,150,0.032607836335787156,26,4,15,0.7753865316340337,0.707832632835955,1.3749683528620887e-07,0.021605837768792175,balanced
taiwan,taiwan_pr_auc_optuna,63,COMPLETE,mean_cv_pr_auc,0.5650378972879689,5,3,15,0.5650378972879689,0.7861683579111923,0.6416360346273401,0.1793632503332363,2015.0,285.4,588.0,511.0,2215.6,0.013683862193249813,lightgbm,150,0.03029431586153069,28,3,16,0.7775122848060161,0.706070373601153,1.6606302531721673e-07,0.022841021304906294,balanced
taiwan,taiwan_pr_auc_optuna,64,COMPLETE,mean_cv_pr_auc,0.5658131006507098,5,3,15,0.5658131006507098,0.7863763942633759,0.636781565712292,0.17660276796838245,2023.0,289.26666666666665,576.6666666666666,507.1333333333333,2226.9333333333334,0.011093525276171462,lightgbm,200,0.03239418539108833,25,4,14,0.8112879413352763,0.7503450536778504,5.789008467800498e-08,0.08339360765458892,balanced
taiwan,taiwan_pr_auc_optuna,65,COMPLETE,mean_cv_pr_auc,0.5640013339663078,5,3,15,0.5640013339663078,0.7863044137233411,0.6434779501858939,0.1791185401002136,2008.6666666666667,283.93333333333334,589.0,512.4666666666667,2214.6,0.013984191224486927,lightgbm,150,0.03386900173816496,23,3,14,0.8057052724735732,0.7540061139895418,6.907123199009496e-08,0.14981994680597827,balanced
taiwan,taiwan_pr_auc_optuna,66,COMPLETE,mean_cv_pr_auc,0.5636267932107781,5,3,15,0.5636267932107781,0.7856099815911951,0.6361116540460562,0.17561690128230986,2021.1333333333334,289.8,572.1333333333333,506.6,2231.4666666666667,0.012205491040236919,lightgbm,200,0.04619731857550963,32,4,20,0.8155058918955754,0.7097425497984172,1.9255740345883843e-08,0.08725090056958787,balanced
taiwan,taiwan_pr_auc_optuna,67,COMPLETE,mean_cv_pr_auc,0.5640648599142803,5,3,15,0.5640648599142803,0.7859956725078464,0.6362792633178439,0.17598034439867208,2020.8,289.6666666666667,572.4666666666667,506.73333333333335,2231.133333333333,0.01133116634382855,lightgbm,200,0.04151195335865888,18,4,23,0.7651709932758977,0.7445783495536815,5.447028300589989e-07,0.030962606941774815,balanced
taiwan,taiwan_pr_auc_optuna,68,COMPLETE,mean_cv_pr_auc,0.5644550685176675,5,3,15,0.5644550685176675,0.786045822157903,0.6422215636946759,0.1794092101616553,2012.1333333333334,284.93333333333334,587.4666666666667,511.46666666666664,2216.133333333333,0.01441140986635762,lightgbm,150,0.030198532949173105,27,3,13,0.7383972364246628,0.7368465780675376,1.0604293767640327e-08,0.4362914777839685,balanced
taiwan,taiwan_pr_auc_optuna,69,COMPLETE,mean_cv_pr_auc,0.5624841011219993,5,3,15,0.5624841011219993,0.7848570305283629,0.6339355707857567,0.17482384373794532,2026.6666666666667,291.53333333333336,569.0,504.8666666666667,2234.6,0.0105786851993436,lightgbm,200,0.05597154163233861,21,4,18,0.7931420782804575,0.837918272020117,4.501695318375812e-08,0.04301765311742972,balanced
taiwan,taiwan_pr_auc_optuna,70,COMPLETE,mean_cv_pr_auc,0.5624546284450591,5,3,15,0.5624546284450591,0.7840626426020165,0.6287468290847799,0.17254020204885095,2031.8666666666666,295.6666666666667,553.5333333333333,500.73333333333335,2250.0666666666666,0.009652490149756261,lightgbm,200,0.03370834585250818,26,9,24,0.7722653828113738,0.6969759712815317,1.4895056272297565e-07,0.1149749332938819,balanced
taiwan,taiwan_pr_auc_optuna,71,COMPLETE,mean_cv_pr_auc,0.5657740502473617,5,3,15,0.5657740502473617,0.7864980892481801,0.6385399393454096,0.1761448608567454,2014.4666666666667,287.8666666666667,575.1333333333333,508.53333333333336,2228.4666666666667,0.011467189243591195,lightgbm,250,0.028135128153261035,33,4,10,0.75471377195745,0.6722986290549818,4.2908157808400543e-07,0.017080896897777316,balanced
taiwan,taiwan_pr_auc_optuna,72,COMPLETE,mean_cv_pr_auc,0.5663470303180167,5,3,15,0.5663470303180167,0.7860441855018551,0.6352743432763988,0.17790416333352457,2026.0,290.46666666666664,573.6666666666666,505.93333333333334,2229.9333333333334,0.011662137362995827,lightgbm,150,0.028157757828197946,34,4,12,0.7529243284619029,0.6896784682570631,4.888393710422569e-07,0.01975838917250986,balanced
taiwan,taiwan_pr_auc_optuna,73,COMPLETE,mean_cv_pr_auc,0.5669796639760947,5,3,15,0.5669796639760947,0.7862077517664876,0.6379533594362444,0.1780401382735367,2015.0,288.3333333333333,573.3333333333334,508.06666666666666,2230.266666666667,0.011535979516499286,lightgbm,150,0.026977607986243903,32,4,12,0.7500009596455799,0.6712208893046726,4.66068667686492e-07,0.019135017116114605,balanced
taiwan,taiwan_pr_auc_optuna,74,COMPLETE,mean_cv_pr_auc,0.5644594694827965,5,3,15,0.5644594694827965,0.7865387093929648,0.642472609807717,0.17883001040456775,2011.9333333333334,284.73333333333335,588.2666666666667,511.6666666666667,2215.3333333333335,0.014206608573818644,lightgbm,150,0.036671220377376794,33,3,10,0.7125425780470941,0.692014740741676,1.0028634096231498e-06,0.029648426388867357,balanced
taiwan,taiwan_pr_auc_optuna,75,COMPLETE,mean_cv_pr_auc,0.5659683654055115,5,3,15,0.5659683654055115,0.7861172500286859,0.6383715944843417,0.178203085509984,2012.0,288.0,572.0,508.4,2231.6,0.011298521021717623,lightgbm,150,0.026666547323682645,33,4,18,0.7503770229766145,0.6745068206964965,4.3114121845577324e-07,0.018408978152574376,balanced
taiwan,taiwan_pr_auc_optuna,76,COMPLETE,mean_cv_pr_auc,0.5650838241410481,5,3,15,0.5650838241410481,0.7865927978327002,0.36438760090708666,0.13295295910111957,2662.0666666666666,506.2,131.06666666666666,290.2,2672.5333333333333,0.01150506832288417,lightgbm,150,0.026713013228842043,33,4,18,0.6955576502219998,0.6871281517733787,5.273198968216228e-07,0.020999827532213376,
taiwan,taiwan_pr_auc_optuna,77,COMPLETE,mean_cv_pr_auc,0.5665554782423131,5,3,15,0.5665554782423131,0.7861932023519558,0.636530519599251,0.17783268353850187,2020.3333333333333,289.46666666666664,573.0,506.93333333333334,2230.6,0.011436045604816845,lightgbm,150,0.029159970153698086,25,4,13,0.789958481005049,0.7147629841384379,3.8021200018793606e-07,0.05474729889273735,balanced
taiwan,taiwan_pr_auc_optuna,78,COMPLETE,mean_cv_pr_auc,0.5645396524789612,5,3,15,0.5645396524789612,0.7859049454566693,0.6407145514271484,0.17956109542056614,2017.7333333333333,286.1333333333333,587.0666666666667,510.26666666666665,2216.5333333333333,0.013715937422230214,lightgbm,150,0.028490602207608896,25,3,10,0.7231057895532876,0.6737255345916286,3.7671369014956874e-07,0.045814949351072116,balanced
taiwan,taiwan_pr_auc_optuna,79,COMPLETE,mean_cv_pr_auc,0.5650381832443937,5,3,15,0.5650381832443937,0.7857530956183009,0.6356927884928616,0.17836356570491085,2021.1333333333334,290.1333333333333,570.4666666666667,506.26666666666665,2233.133333333333,0.011283311683325033,lightgbm,150,0.0259079997187762,22,4,20,0.7645449952909122,0.7156753479833992,2.8678739449787225e-06,0.014992587627541023,balanced
taiwan,taiwan_pr_auc_optuna,80,COMPLETE,mean_cv_pr_auc,0.5659704969839613,5,3,15,0.5659704969839613,0.7862010160063051,0.6419706226658177,0.17952706797402262,2013.7333333333333,285.1333333333333,588.0666666666667,511.26666666666665,2215.5333333333333,0.014006549452421482,lightgbm,150,0.028292138205695882,18,3,13,0.8183947368248357,0.6556313911187542,1.3683938744948245e-07,0.057653406893228884,balanced
taiwan,taiwan_pr_auc_optuna,81,COMPLETE,mean_cv_pr_auc,0.5653659019318611,5,3,15,0.5653659019318611,0.7860558041843421,0.6410495598023578,0.17953606358161583,2015.9333333333334,285.8666666666667,586.6,510.53333333333336,2217.0,0.01323092998088442,lightgbm,150,0.027999053867975496,18,3,13,0.8171197825573077,0.65479818706822,1.3856062482831903e-07,0.056523788314188056,balanced
taiwan,taiwan_pr_auc_optuna,82,COMPLETE,mean_cv_pr_auc,0.5655971969300781,5,3,15,0.5655971969300781,0.7866578915243874,0.6386232711024802,0.17735243326542155,2014.4666666666667,287.8,575.4666666666667,508.6,2228.133333333333,0.011084220295768063,lightgbm,150,0.035663378349258555,20,4,27,0.8368178029117125,0.6796421865928651,4.640990051512848e-07,0.01748336775309664,balanced
taiwan,taiwan_pr_auc_optuna,83,COMPLETE,mean_cv_pr_auc,0.5653145553926199,5,3,15,0.5653145553926199,0.7859155078449799,0.6364467675054487,0.17837266372170663,2017.2,289.53333333333336,569.5333333333333,506.8666666666667,2234.0666666666666,0.011443920123396789,lightgbm,150,0.025578409958173502,36,4,19,0.7495337022714879,0.6971541965571089,1.0450676002681105e-07,0.06779723118254351,balanced
taiwan,taiwan_pr_auc_optuna,84,COMPLETE,mean_cv_pr_auc,0.5647212694628939,5,3,15,0.5647212694628939,0.787163510174559,0.6458217478021643,0.17845206157183835,1999.0666666666666,282.06666666666666,588.7333333333333,514.3333333333334,2214.866666666667,0.013410286243804621,lightgbm,150,0.04224407710855906,24,3,13,0.8136973628115451,0.654901570819575,1.9267233314485257e-06,0.0983003944045448,balanced
taiwan,taiwan_pr_auc_optuna,85,COMPLETE,mean_cv_pr_auc,0.5645560916923795,5,3,15,0.5645560916923795,0.7857619163898072,0.6374516875468939,0.17660633082076077,2017.6,288.73333333333335,573.9333333333333,507.6666666666667,2229.6666666666665,0.011659277427899907,lightgbm,200,0.032245164541523194,31,4,10,0.7897338748530142,0.8774669563680702,8.337994485794752e-07,0.036361336155737396,balanced
taiwan,taiwan_pr_auc_optuna,86,COMPLETE,mean_cv_pr_auc,0.5646954783608658,5,3,15,0.5646954783608658,0.785702212810245,0.6413011313363135,0.17957740058558128,2014.7333333333333,285.6666666666667,586.4,510.73333333333335,2217.2,0.014146374807051058,lightgbm,150,0.028780776921226457,34,3,26,0.7303413349005465,0.7365939235947809,2.6214691668859568e-08,0.18449782015986244,balanced
taiwan,taiwan_pr_auc_optuna,87,COMPLETE,mean_cv_pr_auc,0.5654420440230304,5,3,15,0.5654420440230304,0.7859630569069178,0.6375353345565133,0.17652674733990248,2017.4666666666667,288.6666666666667,574.1333333333333,507.73333333333335,2229.4666666666667,0.011897784559487416,lightgbm,200,0.03612455002593068,15,4,21,0.8033280960218137,0.689481547185671,1.7209947952576375e-07,0.02068140615927835,balanced
taiwan,taiwan_pr_auc_optuna,88,COMPLETE,mean_cv_pr_auc,0.5639197019579226,5,3,15,0.5639197019579226,0.7862519264129219,0.3553461578070192,0.13317360832304062,2694.9333333333334,513.4,127.93333333333334,283.0,2675.6666666666665,0.011680855972254678,lightgbm,150,0.022267024638950937,39,4,133,0.7488944672499104,0.6717497099349151,7.346596615014067e-08,0.054188745166615176,
taiwan,taiwan_pr_auc_optuna,89,COMPLETE,mean_cv_pr_auc,0.5646670157145462,5,3,15,0.5646670157145462,0.7864548160429442,0.6415525977860865,0.17911385011797823,2014.4666666666667,285.46666666666664,587.1333333333333,510.93333333333334,2216.4666666666667,0.013888833239391973,lightgbm,200,0.025076335954911138,27,3,17,0.7701883493342683,0.7022781497907147,1.0968565441007535e-06,0.026109338997575036,balanced
taiwan,taiwan_pr_auc_optuna,90,COMPLETE,mean_cv_pr_auc,0.565483268684526,5,3,15,0.565483268684526,0.786352875102365,0.6371165740875017,0.17801847455411685,2016.7333333333333,289.0,571.7333333333333,507.4,2231.866666666667,0.012221634823240478,lightgbm,150,0.028588589633512105,19,4,29,0.8343717795843905,0.6590426337702986,6.107701988369681e-07,0.07160003658554197,balanced
taiwan,taiwan_pr_auc_optuna,91,COMPLETE,mean_cv_pr_auc,0.5659314075539916,5,3,15,0.5659314075539916,0.7862490019493573,0.6391257836652944,0.17653670323971032,2012.8,287.4,575.8,509.0,2227.8,0.011681196719901046,lightgbm,200,0.032619847979110474,30,4,14,0.7897624059088171,0.7115282965554656,3.4170884907994044e-07,0.010680878666111367,balanced
taiwan,taiwan_pr_auc_optuna,92,COMPLETE,mean_cv_pr_auc,0.5653975541958969,5,3,15,0.5653975541958969,0.7863972509680631,0.6392083798330843,0.17633112866585407,2010.8666666666666,287.3333333333333,574.2,509.06666666666666,2229.4,0.011684946526299898,lightgbm,200,0.03486020224555059,25,4,13,0.7967240044961048,0.760315690835032,3.626304264626003e-07,0.03691837560209577,balanced
taiwan,taiwan_pr_auc_optuna,93,COMPLETE,mean_cv_pr_auc,0.5664621680675203,5,3,15,0.5664621680675203,0.7863884278714611,0.6372005363496698,0.17750845751878241,2020.2,288.93333333333334,575.5333333333333,507.46666666666664,2228.0666666666666,0.011805839807966893,lightgbm,150,0.032499607925991846,37,4,16,0.7595038442971838,0.6809692642554553,1.0985533644918122e-07,0.006944233531114846,balanced
taiwan,taiwan_pr_auc_optuna,94,COMPLETE,mean_cv_pr_auc,0.5662478709393554,5,3,15,0.5662478709393554,0.7865540170619139,0.6376194019028645,0.1769099407490035,2017.1333333333334,288.6,574.1333333333333,507.8,2229.4666666666667,0.01254851266603962,lightgbm,150,0.038302750695347075,36,4,12,0.7630298711601203,0.6808679771530185,7.524430612973651e-08,0.00769392192982623,balanced
taiwan,taiwan_pr_auc_optuna,95,COMPLETE,mean_cv_pr_auc,0.564326821426144,5,3,15,0.564326821426144,0.787050847962307,0.6448163023398045,0.17851165398607816,2004.3333333333333,282.8666666666667,590.0,513.5333333333333,2213.6,0.013207637763354853,lightgbm,150,0.04313393802032194,38,3,23,0.7822648152114239,0.6825864851607029,6.210663392936928e-08,0.006243185822444856,balanced
taiwan,taiwan_pr_auc_optuna,96,COMPLETE,mean_cv_pr_auc,0.5660612552568748,5,3,15,0.5660612552568748,0.7864922257286701,0.6387075486171974,0.17684712454671542,2014.6666666666667,287.73333333333335,576.0,508.6666666666667,2227.6,0.012029506199347595,lightgbm,150,0.038637379944229916,36,4,13,0.7621472734953456,0.7200680805812366,3.136337846633118e-08,0.007735616871786922,balanced
taiwan,taiwan_pr_auc_optuna,97,COMPLETE,mean_cv_pr_auc,0.5640253300770977,5,3,15,0.5640253300770977,0.7857939143633245,0.6378708683526374,0.1763172860646219,2015.3333333333333,288.4,573.3333333333334,508.0,2230.266666666667,0.010702797875707567,lightgbm,150,0.05110479692786783,35,4,20,0.7650175863249522,0.6948948777972103,2.646810303270572e-08,0.008767358142078468,balanced
taiwan,taiwan_pr_auc_optuna,98,COMPLETE,mean_cv_pr_auc,0.5615569177987114,5,3,15,0.5615569177987114,0.7868479935973626,0.6424729250602659,0.1790155228959244,2011.4666666666667,284.73333333333335,587.8,511.6666666666667,2215.8,0.014411455416132543,lightgbm,150,0.03755588368386537,40,3,96,0.726657101112706,0.7184477853512926,1.0816704817589906e-07,0.011856429567687995,balanced
taiwan,taiwan_pr_auc_optuna,99,COMPLETE,mean_cv_pr_auc,0.5650262886423892,5,3,15,0.5650262886423892,0.7864883976206671,0.6378702378475397,0.17699143032539352,2017.9333333333334,288.4,575.9333333333333,508.0,2227.6666666666665,0.012115179131612887,lightgbm,150,0.039721373352553636,31,4,17,0.7440526821438924,0.6659330317963121,1.4777719178166581e-08,0.007295385385151684,balanced
