system,error_group,feature,mean,median,std,min,max,q25,q75,missing_count,group_size
Old Best CatBoost cost-threshold,TP,ExternalRiskEstimate,67.37239324726912,66.0,8.27913570393967,42.0,92.0,61.0,73.0,1,1008
Old Best CatBoost cost-threshold,TP,NumTrades60Ever2DerogPubRec,0.8581349206349206,0.0,1.4883570961737236,0.0,17.0,0.0,1.0,0,1008
Old Best CatBoost cost-threshold,TP,NumTrades90Ever2DerogPubRec,0.5783730158730159,0.0,1.2301284565478399,0.0,16.0,0.0,1.0,0,1008
Old Best CatBoost cost-threshold,TP,PercentTradesNeverDelq,89.44444444444444,94.0,13.49445025096828,20.0,100.0,83.0,100.0,0,1008
Old Best CatBoost cost-threshold,TP,NetFractionRevolvingBurden,45.331987891019175,45.0,28.700223065755004,0.0,154.0,21.0,67.5,17,1008
Old Best CatBoost cost-threshold,TP,NumBank2NatlTradesWHighUtilization,1.4515441959531417,1.0,1.6816282028112706,0.0,15.0,0.0,2.0,69,1008
Old Best CatBoost cost-threshold,TP,delinquency_intensity,2.120436507936508,0.15,3.9081875719130625,0.0,49.7,0.0,3.08,0,1008
Old Best CatBoost cost-threshold,TP,trade_activity_ratio,0.13129587145647773,0.0769230769230769,0.27779758323600057,0.0,5.0,0.0285714285714285,0.1538461538461538,0,1008
Old Best CatBoost cost-threshold,TP,recent_inquiry_pressure,1.5602991452991455,1.0,2.6881815640864106,0.0,46.0,0.0,2.0,228,1008
Old Best CatBoost cost-threshold,TP,revolving_burden_proxy,45.331987891019175,45.0,28.700223065755004,0.0,154.0,21.0,67.5,17,1008
Old Best CatBoost cost-threshold,TP,installment_burden_proxy,70.88311688311688,76.0,23.40426115009793,0.0,132.0,57.0,90.0,315,1008
Old Best CatBoost cost-threshold,TP,credit_history_length_proxy,170.66964285714286,162.0,92.44035083143378,7.0,546.0,101.0,221.0,0,1008
Old Best CatBoost cost-threshold,TP,negative_trade_signal,0.6904761904761905,1.0,0.4625268144121159,0.0,1.0,0.0,1.0,0,1008
Old Best CatBoost cost-threshold,TP,high_utilization_signal,0.6559031281533805,1.0,0.4753127271451548,0.0,1.0,0.0,1.0,17,1008
Old Best CatBoost cost-threshold,FP,ExternalRiskEstimate,75.20050125313283,76.0,8.486162609433665,42.0,93.0,70.0,82.0,0,798
Old Best CatBoost cost-threshold,FP,NumTrades60Ever2DerogPubRec,0.4273182957393484,0.0,0.9565756452367361,0.0,11.0,0.0,1.0,0,798
Old Best CatBoost cost-threshold,FP,NumTrades90Ever2DerogPubRec,0.2606516290726817,0.0,0.7029106551692162,0.0,8.0,0.0,0.0,0,798
Old Best CatBoost cost-threshold,FP,PercentTradesNeverDelq,94.29949874686717,100.0,9.27993611524399,29.0,100.0,92.0,100.0,0,798
Old Best CatBoost cost-threshold,FP,NetFractionRevolvingBurden,26.237373737373737,19.0,23.957700126882493,0.0,103.0,6.0,41.0,6,798
Old Best CatBoost cost-threshold,FP,NumBank2NatlTradesWHighUtilization,0.7690288713910761,0.0,1.2490990610607093,0.0,11.0,0.0,1.0,36,798
Old Best CatBoost cost-threshold,FP,delinquency_intensity,1.0056265664160402,0.03,2.3417361672345787,0.0,27.3,0.0,1.0275,0,798
Old Best CatBoost cost-threshold,FP,trade_activity_ratio,0.10382414332019116,0.0655913978494623,0.23393179582717158,0.0,4.0,0.0,0.1176470588235294,0,798
Old Best CatBoost cost-threshold,FP,recent_inquiry_pressure,0.9522352068261919,0.3333333333333333,1.474869590537564,0.0,11.0,0.0,1.0,199,798
Old Best CatBoost cost-threshold,FP,revolving_burden_proxy,26.237373737373737,19.0,23.957700126882493,0.0,103.0,6.0,41.0,6,798
Old Best CatBoost cost-threshold,FP,installment_burden_proxy,66.4047619047619,72.0,25.388332998215684,2.0,132.0,51.0,86.0,294,798
Old Best CatBoost cost-threshold,FP,credit_history_length_proxy,206.09022556390977,188.0,96.327777835026,7.0,541.0,140.0,263.0,0,798
Old Best CatBoost cost-threshold,FP,negative_trade_signal,0.5288220551378446,1.0,0.4994816544443963,0.0,1.0,0.0,1.0,0,798
Old Best CatBoost cost-threshold,FP,high_utilization_signal,0.4015151515151515,0.0,0.49051455453956483,0.0,1.0,0.0,1.0,6,798
Old Best CatBoost cost-threshold,FN,ExternalRiskEstimate,85.15,85.0,3.1668513334889994,76.0,90.0,84.0,87.0,0,20
Old Best CatBoost cost-threshold,FN,NumTrades60Ever2DerogPubRec,0.0,0.0,0.0,0.0,0.0,0.0,0.0,0,20
Old Best CatBoost cost-threshold,FN,NumTrades90Ever2DerogPubRec,0.0,0.0,0.0,0.0,0.0,0.0,0.0,0,20
Old Best CatBoost cost-threshold,FN,PercentTradesNeverDelq,99.85,100.0,0.6708203932499367,97.0,100.0,100.0,100.0,0,20
Old Best CatBoost cost-threshold,FN,NetFractionRevolvingBurden,12.45,9.5,9.005699949418,0.0,29.0,5.75,19.25,0,20
Old Best CatBoost cost-threshold,FN,NumBank2NatlTradesWHighUtilization,0.15,0.0,0.36634754853252327,0.0,1.0,0.0,0.0,0,20
Old Best CatBoost cost-threshold,FN,delinquency_intensity,0.0015,0.0,0.006708203932499368,0.0,0.03,0.0,0.0,0,20
Old Best CatBoost cost-threshold,FN,trade_activity_ratio,0.06477496795239977,0.063508064516129,0.04984201931751406,0.0,0.1428571428571428,0.029411764705882353,0.09206081081081074,0,20
Old Best CatBoost cost-threshold,FN,recent_inquiry_pressure,0.3284313725490196,0.25,0.38692900161086624,0.0,1.0,0.0,0.5,3,20
Old Best CatBoost cost-threshold,FN,revolving_burden_proxy,12.45,9.5,9.005699949418,0.0,29.0,5.75,19.25,0,20
Old Best CatBoost cost-threshold,FN,installment_burden_proxy,71.83333333333333,68.0,20.634114147853953,50.0,98.0,55.5,88.75,14,20
Old Best CatBoost cost-threshold,FN,credit_history_length_proxy,259.35,252.0,86.7818044232048,118.0,495.0,198.0,309.0,0,20
Old Best CatBoost cost-threshold,FN,negative_trade_signal,0.05,0.0,0.22360679774997894,0.0,1.0,0.0,0.0,0,20
Old Best CatBoost cost-threshold,FN,high_utilization_signal,0.15,0.0,0.36634754853252327,0.0,1.0,0.0,0.0,0,20
Old Best CatBoost cost-threshold,TN,ExternalRiskEstimate,84.87248322147651,85.0,3.8119452908002778,76.0,93.0,82.0,87.0,0,149
Old Best CatBoost cost-threshold,TN,NumTrades60Ever2DerogPubRec,0.013422818791946308,0.0,0.11546481745700335,0.0,1.0,0.0,0.0,0,149
Old Best CatBoost cost-threshold,TN,NumTrades90Ever2DerogPubRec,0.006711409395973154,0.0,0.08192319205190404,0.0,1.0,0.0,0.0,0,149
Old Best CatBoost cost-threshold,TN,PercentTradesNeverDelq,99.74496644295301,100.0,0.8633245171077264,95.0,100.0,100.0,100.0,0,149
Old Best CatBoost cost-threshold,TN,NetFractionRevolvingBurden,8.161073825503356,6.0,8.08323850848492,0.0,41.0,2.0,12.0,0,149
Old Best CatBoost cost-threshold,TN,NumBank2NatlTradesWHighUtilization,0.16216216216216217,0.0,0.43727750889229183,0.0,2.0,0.0,0.0,1,149
Old Best CatBoost cost-threshold,TN,delinquency_intensity,0.02939597315436242,0.0,0.26075832289046486,0.0,3.02,0.0,0.0,0,149
Old Best CatBoost cost-threshold,TN,trade_activity_ratio,0.08653461641701199,0.0512820512820512,0.29263092577485134,0.0,3.0,0.0169491525423728,0.074074074074074,0,149
Old Best CatBoost cost-threshold,TN,recent_inquiry_pressure,0.30121951219512194,0.0,0.5677872668360755,0.0,3.0,0.0,0.3333333333333333,26,149
Old Best CatBoost cost-threshold,TN,revolving_burden_proxy,8.161073825503356,6.0,8.08323850848492,0.0,41.0,2.0,12.0,0,149
Old Best CatBoost cost-threshold,TN,installment_burden_proxy,64.05681818181819,69.0,25.967423426571187,3.0,100.0,47.5,85.0,61,149
Old Best CatBoost cost-threshold,TN,credit_history_length_proxy,274.6845637583893,262.0,93.95471071488575,70.0,589.0,203.0,336.0,0,149
Old Best CatBoost cost-threshold,TN,negative_trade_signal,0.087248322147651,0.0,0.28315037323904246,0.0,1.0,0.0,0.0,0,149
Old Best CatBoost cost-threshold,TN,high_utilization_signal,0.1342281879194631,0.0,0.34204705936712004,0.0,1.0,0.0,0.0,0,149
Best precision-constrained CatBoost,TP,ExternalRiskEstimate,67.27272727272727,66.0,8.190149293788574,42.0,92.0,61.0,73.0,1,1002
Best precision-constrained CatBoost,TP,NumTrades60Ever2DerogPubRec,0.8622754491017964,0.0,1.4915660370004793,0.0,17.0,0.0,1.0,0,1002
Best precision-constrained CatBoost,TP,NumTrades90Ever2DerogPubRec,0.5808383233532934,0.0,1.2330578510938728,0.0,16.0,0.0,1.0,0,1002
Best precision-constrained CatBoost,TP,PercentTradesNeverDelq,89.3812375249501,94.0,13.509990652034183,20.0,100.0,83.0,100.0,0,1002
Best precision-constrained CatBoost,TP,NetFractionRevolvingBurden,45.542131979695434,45.0,28.631285505154768,0.0,154.0,22.0,68.0,17,1002
Best precision-constrained CatBoost,TP,NumBank2NatlTradesWHighUtilization,1.459807073954984,1.0,1.6835937590678527,0.0,15.0,0.0,2.0,69,1002
Best precision-constrained CatBoost,TP,delinquency_intensity,2.130139720558882,0.155,3.9169064609988977,0.0,49.7,0.0,3.08,0,1002
Best precision-constrained CatBoost,TP,trade_activity_ratio,0.13156808215321475,0.0769230769230769,0.2784206973353613,0.0,5.0,0.02878151260504195,0.1538461538461538,0,1002
Best precision-constrained CatBoost,TP,recent_inquiry_pressure,1.5667955326460483,1.0,2.6934178333391188,0.0,46.0,0.0,2.0,226,1002
Best precision-constrained CatBoost,TP,revolving_burden_proxy,45.542131979695434,45.0,28.631285505154768,0.0,154.0,22.0,68.0,17,1002
Best precision-constrained CatBoost,TP,installment_burden_proxy,70.96516690856313,76.0,23.425821943517125,0.0,132.0,57.0,90.0,313,1002
Best precision-constrained CatBoost,TP,credit_history_length_proxy,170.49201596806387,161.0,92.5822605101354,7.0,546.0,101.0,221.0,0,1002
Best precision-constrained CatBoost,TP,negative_trade_signal,0.6936127744510978,1.0,0.46122271774179324,0.0,1.0,0.0,1.0,0,1002
Best precision-constrained CatBoost,TP,high_utilization_signal,0.6588832487309645,1.0,0.4743253355629601,0.0,1.0,0.0,1.0,17,1002
Best precision-constrained CatBoost,FP,ExternalRiskEstimate,74.97179487179487,75.0,8.423893175672811,42.0,93.0,69.0,81.0,0,780
Best precision-constrained CatBoost,FP,NumTrades60Ever2DerogPubRec,0.4371794871794872,0.0,0.965330857680668,0.0,11.0,0.0,1.0,0,780
Best precision-constrained CatBoost,FP,NumTrades90Ever2DerogPubRec,0.26666666666666666,0.0,0.7098548309648062,0.0,8.0,0.0,0.0,0,780
Best precision-constrained CatBoost,FP,PercentTradesNeverDelq,94.17820512820512,98.0,9.349595110931608,29.0,100.0,92.0,100.0,0,780
Best precision-constrained CatBoost,FP,NetFractionRevolvingBurden,26.689922480620154,20.0,24.01534603690149,0.0,103.0,6.0,42.0,6,780
Best precision-constrained CatBoost,FP,NumBank2NatlTradesWHighUtilization,0.7876344086021505,0.0,1.2583215532225298,0.0,11.0,0.0,1.0,36,780
Best precision-constrained CatBoost,FP,delinquency_intensity,1.0287307692307692,0.03,2.3636282903774397,0.0,27.3,0.0,1.04,0,780
Best precision-constrained CatBoost,FP,trade_activity_ratio,0.10452574639286016,0.0666666666666666,0.23630356578343004,0.0,4.0,0.0,0.1176470588235294,0,780
Best precision-constrained CatBoost,FP,recent_inquiry_pressure,0.9587813620071683,0.3333333333333333,1.4836560138066626,0.0,11.0,0.0,1.0,191,780
Best precision-constrained CatBoost,FP,revolving_burden_proxy,26.689922480620154,20.0,24.01534603690149,0.0,103.0,6.0,42.0,6,780
Best precision-constrained CatBoost,FP,installment_burden_proxy,66.4979674796748,72.5,25.462363822326648,2.0,132.0,51.0,86.0,288,780
Best precision-constrained CatBoost,FP,credit_history_length_proxy,205.46410256410257,186.0,96.76264247785025,7.0,541.0,139.0,263.0,0,780
Best precision-constrained CatBoost,FP,negative_trade_signal,0.5384615384615384,1.0,0.49883838601386354,0.0,1.0,0.0,1.0,0,780
Best precision-constrained CatBoost,FP,high_utilization_signal,0.4108527131782946,0.0,0.49230670875402494,0.0,1.0,0.0,1.0,6,780
Best precision-constrained CatBoost,FN,ExternalRiskEstimate,84.88461538461539,85.0,4.023201939519547,74.0,90.0,84.0,87.75,0,26
Best precision-constrained CatBoost,FN,NumTrades60Ever2DerogPubRec,0.038461538461538464,0.0,0.19611613513818402,0.0,1.0,0.0,0.0,0,26
Best precision-constrained CatBoost,FN,NumTrades90Ever2DerogPubRec,0.038461538461538464,0.0,0.19611613513818402,0.0,1.0,0.0,0.0,0,26
Best precision-constrained CatBoost,FN,PercentTradesNeverDelq,99.88461538461539,100.0,0.588348405414552,97.0,100.0,100.0,100.0,0,26
Best precision-constrained CatBoost,FN,NetFractionRevolvingBurden,12.076923076923077,8.5,11.313436531569272,0.0,45.0,2.75,19.0,0,26
Best precision-constrained CatBoost,FN,NumBank2NatlTradesWHighUtilization,0.15384615384615385,0.0,0.36794648440311994,0.0,1.0,0.0,0.0,0,26
Best precision-constrained CatBoost,FN,delinquency_intensity,0.11653846153846154,0.0,0.5881424474236989,0.0,3.0,0.0,0.0,0,26
Best precision-constrained CatBoost,FN,trade_activity_ratio,0.06963536421755158,0.057189542483660094,0.07819696854404755,0.0,0.375,0.0064102564102564,0.08054765291607391,0,26
Best precision-constrained CatBoost,FN,recent_inquiry_pressure,0.323015873015873,0.2,0.39230360233130207,0.0,1.0,0.0,0.5,5,26
Best precision-constrained CatBoost,FN,revolving_burden_proxy,12.076923076923077,8.5,11.313436531569272,0.0,45.0,2.75,19.0,0,26
Best precision-constrained CatBoost,FN,installment_burden_proxy,65.8,65.5,19.343675394758304,35.0,98.0,53.5,69.75,16,26
Best precision-constrained CatBoost,FN,credit_history_length_proxy,245.73076923076923,216.5,84.57969387142883,98.0,495.0,191.25,299.25,0,26
Best precision-constrained CatBoost,FN,negative_trade_signal,0.07692307692307693,0.0,0.271746488194703,0.0,1.0,0.0,0.0,0,26
Best precision-constrained CatBoost,FN,high_utilization_signal,0.15384615384615385,0.0,0.36794648440311994,0.0,1.0,0.0,0.0,0,26
Best precision-constrained CatBoost,TN,ExternalRiskEstimate,84.89820359281437,85.0,3.849009778053737,75.0,93.0,82.0,88.0,0,167
Best precision-constrained CatBoost,TN,NumTrades60Ever2DerogPubRec,0.011976047904191617,0.0,0.10910500922184509,0.0,1.0,0.0,0.0,0,167
Best precision-constrained CatBoost,TN,NumTrades90Ever2DerogPubRec,0.005988023952095809,0.0,0.0773823232534137,0.0,1.0,0.0,0.0,0,167
Best precision-constrained CatBoost,TN,PercentTradesNeverDelq,99.72455089820359,100.0,0.922703405326433,95.0,100.0,100.0,100.0,0,167
Best precision-constrained CatBoost,TN,NetFractionRevolvingBurden,8.011976047904191,6.0,8.11067125707772,0.0,41.0,2.0,12.0,0,167
Best precision-constrained CatBoost,TN,NumBank2NatlTradesWHighUtilization,0.14457831325301204,0.0,0.41582426709199183,0.0,2.0,0.0,0.0,1,167
Best precision-constrained CatBoost,TN,delinquency_intensity,0.026706586826347304,0.0,0.24637478335254806,0.0,3.02,0.0,0.0,0,167
Best precision-constrained CatBoost,TN,trade_activity_ratio,0.08512120975578678,0.0512820512820512,0.27741953526710283,0.0,3.0,0.0084745762711864,0.0801282051282051,0,167
Best precision-constrained CatBoost,TN,recent_inquiry_pressure,0.3211779448621554,0.0,0.5834708633674648,0.0,3.0,0.0,0.3333333333333333,34,167
Best precision-constrained CatBoost,TN,revolving_burden_proxy,8.011976047904191,6.0,8.11067125707772,0.0,41.0,2.0,12.0,0,167
Best precision-constrained CatBoost,TN,installment_burden_proxy,63.88,69.0,25.50392324741629,3.0,100.0,47.5,85.0,67,167
Best precision-constrained CatBoost,TN,credit_history_length_proxy,270.21556886227546,255.0,92.55842308434815,70.0,589.0,201.5,326.5,0,167
Best precision-constrained CatBoost,TN,negative_trade_signal,0.08982035928143713,0.0,0.28678414924416845,0.0,1.0,0.0,0.0,0,167
Best precision-constrained CatBoost,TN,high_utilization_signal,0.11976047904191617,0.0,0.32565772573715984,0.0,1.0,0.0,0.0,0,167
Best manual-review high-risk bucket,TP,ExternalRiskEstimate,66.29904559915164,66.0,7.3165946638148505,42.0,89.0,61.0,72.0,1,944
Best manual-review high-risk bucket,TP,NumTrades60Ever2DerogPubRec,0.9067796610169492,0.0,1.5224709955566416,0.0,17.0,0.0,1.0,0,944
Best manual-review high-risk bucket,TP,NumTrades90Ever2DerogPubRec,0.6101694915254238,0.0,1.261444900665087,0.0,16.0,0.0,1.0,0,944
Best manual-review high-risk bucket,TP,PercentTradesNeverDelq,88.78601694915254,93.0,13.687497504514319,20.0,100.0,83.0,100.0,0,944
Best manual-review high-risk bucket,TP,NetFractionRevolvingBurden,47.530744336569576,47.0,28.08162419590295,0.0,154.0,27.0,69.0,17,944
Best manual-review high-risk bucket,TP,NumBank2NatlTradesWHighUtilization,1.5353881278538812,1.0,1.7030738489269603,0.0,15.0,0.0,2.0,68,944
Best manual-review high-risk bucket,TP,delinquency_intensity,2.239258474576271,0.195,4.001036329290903,0.0,49.7,0.0,3.11,0,944
Best manual-review high-risk bucket,TP,trade_activity_ratio,0.13333542116997887,0.0789473684210526,0.2792984144614982,0.0,5.0,0.03125,0.15444711538461536,0,944
Best manual-review high-risk bucket,TP,recent_inquiry_pressure,1.61709927140255,1.0,2.75556302188411,0.0,46.0,0.0,2.0,212,944
Best manual-review high-risk bucket,TP,revolving_burden_proxy,47.530744336569576,47.0,28.08162419590295,0.0,154.0,27.0,69.0,17,944
Best manual-review high-risk bucket,TP,installment_burden_proxy,71.12213740458016,77.0,23.262372296123978,0.0,132.0,57.5,90.0,289,944
Best manual-review high-risk bucket,TP,credit_history_length_proxy,166.35381355932202,155.5,91.20819660864625,7.0,546.0,96.75,213.25,0,944
Best manual-review high-risk bucket,TP,negative_trade_signal,0.7213983050847458,1.0,0.4485486838445437,0.0,1.0,0.0,1.0,0,944
Best manual-review high-risk bucket,TP,high_utilization_signal,0.686084142394822,1.0,0.4643331517884295,0.0,1.0,0.0,1.0,17,944
Best manual-review high-risk bucket,FP,ExternalRiskEstimate,71.56985294117646,72.0,7.280406560328522,42.0,91.0,66.0,77.0,0,544
Best manual-review high-risk bucket,FP,NumTrades60Ever2DerogPubRec,0.5735294117647058,0.0,1.0966706887218602,0.0,11.0,0.0,1.0,0,544
Best manual-review high-risk bucket,FP,NumTrades90Ever2DerogPubRec,0.3492647058823529,0.0,0.8070131204502928,0.0,8.0,0.0,0.0,0,544
Best manual-review high-risk bucket,FP,PercentTradesNeverDelq,92.24448529411765,96.0,10.503922222438243,29.0,100.0,89.0,100.0,0,544
Best manual-review high-risk bucket,FP,NetFractionRevolvingBurden,33.2546468401487,29.0,25.060526855986627,0.0,103.0,13.0,50.0,6,544
Best manual-review high-risk bucket,FP,NumBank2NatlTradesWHighUtilization,1.0292397660818713,1.0,1.4090675964012764,0.0,11.0,0.0,2.0,31,544
Best manual-review high-risk bucket,FP,delinquency_intensity,1.3496139705882353,0.06,2.683031056810903,0.0,27.3,0.0,1.675,0,544
Best manual-review high-risk bucket,FP,trade_activity_ratio,0.1213629816661671,0.0693664795509222,0.27425108407139454,0.0,4.0,0.020306122448979575,0.125,0,544
Best manual-review high-risk bucket,FP,recent_inquiry_pressure,1.11226795803067,0.5,1.6270017610971461,0.0,11.0,0.0,1.5,131,544
Best manual-review high-risk bucket,FP,revolving_burden_proxy,33.2546468401487,29.0,25.060526855986627,0.0,103.0,13.0,50.0,6,544
Best manual-review high-risk bucket,FP,installment_burden_proxy,68.15555555555555,73.5,24.324253912120433,2.0,132.0,54.75,86.0,184,544
Best manual-review high-risk bucket,FP,credit_history_length_proxy,191.43014705882354,175.0,92.98554656680919,7.0,521.0,128.0,244.25,0,544
Best manual-review high-risk bucket,FP,negative_trade_signal,0.6415441176470589,1.0,0.47998830353531713,0.0,1.0,0.0,1.0,0,544
Best manual-review high-risk bucket,FP,high_utilization_signal,0.5,0.5,0.5004653328136035,0.0,1.0,0.0,1.0,6,544
Best manual-review high-risk bucket,FN,ExternalRiskEstimate,83.6547619047619,85.0,4.502995114684072,73.0,92.0,81.75,86.25,0,84
Best manual-review high-risk bucket,FN,NumTrades60Ever2DerogPubRec,0.10714285714285714,0.0,0.3477243452935251,0.0,2.0,0.0,0.0,0,84
Best manual-review high-risk bucket,FN,NumTrades90Ever2DerogPubRec,0.08333333333333333,0.0,0.31844249479295295,0.0,2.0,0.0,0.0,0,84
Best manual-review high-risk bucket,FN,PercentTradesNeverDelq,99.32142857142857,100.0,1.8246023781114569,91.0,100.0,100.0,100.0,0,84
Best manual-review high-risk bucket,FN,NetFractionRevolvingBurden,13.238095238095237,8.5,14.481079510797851,0.0,69.0,1.0,20.0,0,84
Best manual-review high-risk bucket,FN,NumBank2NatlTradesWHighUtilization,0.25301204819277107,0.0,0.5596901035825027,0.0,3.0,0.0,0.0,1,84
Best manual-review high-risk bucket,FN,delinquency_intensity,0.2805952380952381,0.0,0.9641643503235757,0.0,6.0,0.0,0.0,0,84
Best manual-review high-risk bucket,FN,trade_activity_ratio,0.09253690717520824,0.057189542483660094,0.22377138049660644,0.0,2.0,0.0,0.1176470588235294,0,84
Best manual-review high-risk bucket,FN,recent_inquiry_pressure,0.5984615384615385,0.3333333333333333,0.8331495790996033,0.0,4.0,0.0,1.0,19,84
Best manual-review high-risk bucket,FN,revolving_burden_proxy,13.238095238095237,8.5,14.481079510797851,0.0,69.0,1.0,20.0,0,84
Best manual-review high-risk bucket,FN,installment_burden_proxy,67.45454545454545,69.5,24.93009253376473,6.0,100.0,53.0,90.5,40,84
Best manual-review high-risk bucket,FN,credit_history_length_proxy,240.28571428571428,229.0,87.53471895411109,88.0,498.0,182.75,283.75,0,84
Best manual-review high-risk bucket,FN,negative_trade_signal,0.19047619047619047,0.0,0.3950351662305606,0.0,1.0,0.0,0.0,0,84
Best manual-review high-risk bucket,FN,high_utilization_signal,0.20238095238095238,0.0,0.4041877741115517,0.0,1.0,0.0,0.0,0,84
Best manual-review high-risk bucket,TN,ExternalRiskEstimate,83.6774193548387,84.0,4.618280924417482,67.0,93.0,81.0,87.0,0,403
Best manual-review high-risk bucket,TN,NumTrades60Ever2DerogPubRec,0.07692307692307693,0.0,0.325589341719374,0.0,3.0,0.0,0.0,0,403
Best manual-review high-risk bucket,TN,NumTrades90Ever2DerogPubRec,0.04714640198511166,0.0,0.2644068663082568,0.0,3.0,0.0,0.0,0,403
Best manual-review high-risk bucket,TN,PercentTradesNeverDelq,99.08684863523573,100.0,2.068455511583431,85.0,100.0,100.0,100.0,0,403
Best manual-review high-risk bucket,TN,NetFractionRevolvingBurden,10.186104218362283,6.0,10.555826735443961,0.0,61.0,3.0,14.0,0,403
Best manual-review high-risk bucket,TN,NumBank2NatlTradesWHighUtilization,0.20654911838790932,0.0,0.4847757273094046,0.0,3.0,0.0,0.0,6,403
Best manual-review high-risk bucket,TN,delinquency_intensity,0.18034739454094295,0.0,0.8269074908475624,0.0,9.1,0.0,0.0,0,403
Best manual-review high-risk bucket,TN,trade_activity_ratio,0.07375648185918714,0.0476190476190476,0.19291302613841366,0.0,3.0,0.0,0.0909090909090909,0,403
Best manual-review high-risk bucket,TN,recent_inquiry_pressure,0.479198130169004,0.0555555555555555,0.8488239656596828,0.0,8.0,0.0,0.6666666666666666,94,403
Best manual-review high-risk bucket,TN,revolving_burden_proxy,10.186104218362283,6.0,10.555826735443961,0.0,61.0,3.0,14.0,0,403
Best manual-review high-risk bucket,TN,installment_burden_proxy,62.797413793103445,68.0,26.874365265696877,2.0,101.0,45.0,85.0,171,403
Best manual-review high-risk bucket,TN,credit_history_length_proxy,251.24069478908189,232.0,96.8346240219185,70.0,589.0,177.5,312.5,0,403
Best manual-review high-risk bucket,TN,negative_trade_signal,0.21339950372208435,0.0,0.41021667214925067,0.0,1.0,0.0,0.0,0,403
Best manual-review high-risk bucket,TN,high_utilization_signal,0.17121588089330025,0.0,0.377165733587956,0.0,1.0,0.0,0.0,0,403
Best SCRE policy,TP,ExternalRiskEstimate,66.29904559915164,66.0,7.3165946638148505,42.0,89.0,61.0,72.0,1,944
Best SCRE policy,TP,NumTrades60Ever2DerogPubRec,0.9067796610169492,0.0,1.5224709955566416,0.0,17.0,0.0,1.0,0,944
Best SCRE policy,TP,NumTrades90Ever2DerogPubRec,0.6101694915254238,0.0,1.261444900665087,0.0,16.0,0.0,1.0,0,944
Best SCRE policy,TP,PercentTradesNeverDelq,88.78601694915254,93.0,13.687497504514319,20.0,100.0,83.0,100.0,0,944
Best SCRE policy,TP,NetFractionRevolvingBurden,47.530744336569576,47.0,28.08162419590295,0.0,154.0,27.0,69.0,17,944
Best SCRE policy,TP,NumBank2NatlTradesWHighUtilization,1.5353881278538812,1.0,1.7030738489269603,0.0,15.0,0.0,2.0,68,944
Best SCRE policy,TP,delinquency_intensity,2.239258474576271,0.195,4.001036329290903,0.0,49.7,0.0,3.11,0,944
Best SCRE policy,TP,trade_activity_ratio,0.13333542116997887,0.0789473684210526,0.2792984144614982,0.0,5.0,0.03125,0.15444711538461536,0,944
Best SCRE policy,TP,recent_inquiry_pressure,1.61709927140255,1.0,2.75556302188411,0.0,46.0,0.0,2.0,212,944
Best SCRE policy,TP,revolving_burden_proxy,47.530744336569576,47.0,28.08162419590295,0.0,154.0,27.0,69.0,17,944
Best SCRE policy,TP,installment_burden_proxy,71.12213740458016,77.0,23.262372296123978,0.0,132.0,57.5,90.0,289,944
Best SCRE policy,TP,credit_history_length_proxy,166.35381355932202,155.5,91.20819660864625,7.0,546.0,96.75,213.25,0,944
Best SCRE policy,TP,negative_trade_signal,0.7213983050847458,1.0,0.4485486838445437,0.0,1.0,0.0,1.0,0,944
Best SCRE policy,TP,high_utilization_signal,0.686084142394822,1.0,0.4643331517884295,0.0,1.0,0.0,1.0,17,944
Best SCRE policy,FP,ExternalRiskEstimate,71.56985294117646,72.0,7.280406560328522,42.0,91.0,66.0,77.0,0,544
Best SCRE policy,FP,NumTrades60Ever2DerogPubRec,0.5735294117647058,0.0,1.0966706887218602,0.0,11.0,0.0,1.0,0,544
Best SCRE policy,FP,NumTrades90Ever2DerogPubRec,0.3492647058823529,0.0,0.8070131204502928,0.0,8.0,0.0,0.0,0,544
Best SCRE policy,FP,PercentTradesNeverDelq,92.24448529411765,96.0,10.503922222438243,29.0,100.0,89.0,100.0,0,544
Best SCRE policy,FP,NetFractionRevolvingBurden,33.2546468401487,29.0,25.060526855986627,0.0,103.0,13.0,50.0,6,544
Best SCRE policy,FP,NumBank2NatlTradesWHighUtilization,1.0292397660818713,1.0,1.4090675964012764,0.0,11.0,0.0,2.0,31,544
Best SCRE policy,FP,delinquency_intensity,1.3496139705882353,0.06,2.683031056810903,0.0,27.3,0.0,1.675,0,544
Best SCRE policy,FP,trade_activity_ratio,0.1213629816661671,0.0693664795509222,0.27425108407139454,0.0,4.0,0.020306122448979575,0.125,0,544
Best SCRE policy,FP,recent_inquiry_pressure,1.11226795803067,0.5,1.6270017610971461,0.0,11.0,0.0,1.5,131,544
Best SCRE policy,FP,revolving_burden_proxy,33.2546468401487,29.0,25.060526855986627,0.0,103.0,13.0,50.0,6,544
Best SCRE policy,FP,installment_burden_proxy,68.15555555555555,73.5,24.324253912120433,2.0,132.0,54.75,86.0,184,544
Best SCRE policy,FP,credit_history_length_proxy,191.43014705882354,175.0,92.98554656680919,7.0,521.0,128.0,244.25,0,544
Best SCRE policy,FP,negative_trade_signal,0.6415441176470589,1.0,0.47998830353531713,0.0,1.0,0.0,1.0,0,544
Best SCRE policy,FP,high_utilization_signal,0.5,0.5,0.5004653328136035,0.0,1.0,0.0,1.0,6,544
Best SCRE policy,FN,ExternalRiskEstimate,83.6547619047619,85.0,4.502995114684072,73.0,92.0,81.75,86.25,0,84
Best SCRE policy,FN,NumTrades60Ever2DerogPubRec,0.10714285714285714,0.0,0.3477243452935251,0.0,2.0,0.0,0.0,0,84
Best SCRE policy,FN,NumTrades90Ever2DerogPubRec,0.08333333333333333,0.0,0.31844249479295295,0.0,2.0,0.0,0.0,0,84
Best SCRE policy,FN,PercentTradesNeverDelq,99.32142857142857,100.0,1.8246023781114569,91.0,100.0,100.0,100.0,0,84
Best SCRE policy,FN,NetFractionRevolvingBurden,13.238095238095237,8.5,14.481079510797851,0.0,69.0,1.0,20.0,0,84
Best SCRE policy,FN,NumBank2NatlTradesWHighUtilization,0.25301204819277107,0.0,0.5596901035825027,0.0,3.0,0.0,0.0,1,84
Best SCRE policy,FN,delinquency_intensity,0.2805952380952381,0.0,0.9641643503235757,0.0,6.0,0.0,0.0,0,84
Best SCRE policy,FN,trade_activity_ratio,0.09253690717520824,0.057189542483660094,0.22377138049660644,0.0,2.0,0.0,0.1176470588235294,0,84
Best SCRE policy,FN,recent_inquiry_pressure,0.5984615384615385,0.3333333333333333,0.8331495790996033,0.0,4.0,0.0,1.0,19,84
Best SCRE policy,FN,revolving_burden_proxy,13.238095238095237,8.5,14.481079510797851,0.0,69.0,1.0,20.0,0,84
Best SCRE policy,FN,installment_burden_proxy,67.45454545454545,69.5,24.93009253376473,6.0,100.0,53.0,90.5,40,84
Best SCRE policy,FN,credit_history_length_proxy,240.28571428571428,229.0,87.53471895411109,88.0,498.0,182.75,283.75,0,84
Best SCRE policy,FN,negative_trade_signal,0.19047619047619047,0.0,0.3950351662305606,0.0,1.0,0.0,0.0,0,84
Best SCRE policy,FN,high_utilization_signal,0.20238095238095238,0.0,0.4041877741115517,0.0,1.0,0.0,0.0,0,84
Best SCRE policy,TN,ExternalRiskEstimate,83.6774193548387,84.0,4.618280924417482,67.0,93.0,81.0,87.0,0,403
Best SCRE policy,TN,NumTrades60Ever2DerogPubRec,0.07692307692307693,0.0,0.325589341719374,0.0,3.0,0.0,0.0,0,403
Best SCRE policy,TN,NumTrades90Ever2DerogPubRec,0.04714640198511166,0.0,0.2644068663082568,0.0,3.0,0.0,0.0,0,403
Best SCRE policy,TN,PercentTradesNeverDelq,99.08684863523573,100.0,2.068455511583431,85.0,100.0,100.0,100.0,0,403
Best SCRE policy,TN,NetFractionRevolvingBurden,10.186104218362283,6.0,10.555826735443961,0.0,61.0,3.0,14.0,0,403
Best SCRE policy,TN,NumBank2NatlTradesWHighUtilization,0.20654911838790932,0.0,0.4847757273094046,0.0,3.0,0.0,0.0,6,403
Best SCRE policy,TN,delinquency_intensity,0.18034739454094295,0.0,0.8269074908475624,0.0,9.1,0.0,0.0,0,403
Best SCRE policy,TN,trade_activity_ratio,0.07375648185918714,0.0476190476190476,0.19291302613841366,0.0,3.0,0.0,0.0909090909090909,0,403
Best SCRE policy,TN,recent_inquiry_pressure,0.479198130169004,0.0555555555555555,0.8488239656596828,0.0,8.0,0.0,0.6666666666666666,94,403
Best SCRE policy,TN,revolving_burden_proxy,10.186104218362283,6.0,10.555826735443961,0.0,61.0,3.0,14.0,0,403
Best SCRE policy,TN,installment_burden_proxy,62.797413793103445,68.0,26.874365265696877,2.0,101.0,45.0,85.0,171,403
Best SCRE policy,TN,credit_history_length_proxy,251.24069478908189,232.0,96.8346240219185,70.0,589.0,177.5,312.5,0,403
Best SCRE policy,TN,negative_trade_signal,0.21339950372208435,0.0,0.41021667214925067,0.0,1.0,0.0,0.0,0,403
Best SCRE policy,TN,high_utilization_signal,0.17121588089330025,0.0,0.377165733587956,0.0,1.0,0.0,0.0,0,403
Best Scorecard policy,TP,ExternalRiskEstimate,66.14393125671322,66.0,7.20130761808736,42.0,89.0,61.0,71.0,1,932
Best Scorecard policy,TP,NumTrades60Ever2DerogPubRec,0.9152360515021459,0.0,1.528920502643454,0.0,17.0,0.0,1.0,0,932
Best Scorecard policy,TP,NumTrades90Ever2DerogPubRec,0.6148068669527897,0.0,1.2670812155947428,0.0,16.0,0.0,1.0,0,932
Best Scorecard policy,TP,PercentTradesNeverDelq,88.68562231759657,93.0,13.739907431205825,20.0,100.0,83.0,100.0,0,932
Best Scorecard policy,TP,NetFractionRevolvingBurden,48.005464480874316,47.0,27.87018541160104,0.0,154.0,27.0,69.0,17,932
Best Scorecard policy,TP,NumBank2NatlTradesWHighUtilization,1.553757225433526,1.0,1.706384487651009,0.0,15.0,0.0,2.0,67,932
Best Scorecard policy,TP,delinquency_intensity,2.2579935622317593,0.22,4.018163961279107,0.0,49.7,0.0,3.11,0,932
Best Scorecard policy,TP,trade_activity_ratio,0.13437208048225063,0.08,0.2808718541633121,0.0,5.0,0.032258064516129,0.1578947368421052,0,932
Best Scorecard policy,TP,recent_inquiry_pressure,1.6399953895804518,1.0,2.7687146493379475,0.0,46.0,0.0,2.0,209,932
Best Scorecard policy,TP,revolving_burden_proxy,48.005464480874316,47.0,27.87018541160104,0.0,154.0,27.0,69.0,17,932
Best Scorecard policy,TP,installment_burden_proxy,71.22324159021407,77.0,23.258959206087166,0.0,132.0,58.0,90.0,278,932
Best Scorecard policy,TP,credit_history_length_proxy,165.5107296137339,154.0,91.11082528496416,7.0,546.0,94.0,212.0,0,932
Best Scorecard policy,TP,negative_trade_signal,0.723175965665236,1.0,0.4476689824803661,0.0,1.0,0.0,1.0,0,932
Best Scorecard policy,TP,high_utilization_signal,0.692896174863388,1.0,0.46154509931886917,0.0,1.0,0.0,1.0,17,932
Best Scorecard policy,FP,ExternalRiskEstimate,71.22053231939164,72.0,7.189200664349744,42.0,90.0,66.0,76.0,0,526
Best Scorecard policy,FP,NumTrades60Ever2DerogPubRec,0.5893536121673004,0.0,1.1138097471361519,0.0,11.0,0.0,1.0,0,526
Best Scorecard policy,FP,NumTrades90Ever2DerogPubRec,0.3650190114068441,0.0,0.8233686321446688,0.0,8.0,0.0,0.0,0,526
Best Scorecard policy,FP,PercentTradesNeverDelq,92.13117870722434,96.0,10.637216666850719,29.0,100.0,89.0,100.0,0,526
Best Scorecard policy,FP,NetFractionRevolvingBurden,34.01923076923077,29.5,25.112226243835785,0.0,103.0,14.0,52.0,6,526
Best Scorecard policy,FP,NumBank2NatlTradesWHighUtilization,1.0789473684210527,1.0,1.425585572459551,0.0,11.0,0.0,2.0,32,526
Best Scorecard policy,FP,delinquency_intensity,1.3980798479087453,0.07,2.7327792797273998,0.0,27.3,0.0,2.21,0,526
Best Scorecard policy,FP,trade_activity_ratio,0.12047567406537159,0.0714285714285714,0.2660796735627734,0.0,4.0,0.0232558139534883,0.125,0,526
Best Scorecard policy,FP,recent_inquiry_pressure,1.113089430894309,0.5,1.5789021578422986,0.0,11.0,0.0,1.5,116,526
Best Scorecard policy,FP,revolving_burden_proxy,34.01923076923077,29.5,25.112226243835785,0.0,103.0,14.0,52.0,6,526
Best Scorecard policy,FP,installment_burden_proxy,68.26966292134831,74.0,24.23326269265301,2.0,132.0,54.75,86.0,170,526
Best Scorecard policy,FP,credit_history_length_proxy,192.26235741444867,175.5,93.37832719566454,7.0,521.0,128.0,246.5,0,526
Best Scorecard policy,FP,negative_trade_signal,0.6425855513307985,1.0,0.47969451320643863,0.0,1.0,0.0,1.0,0,526
Best Scorecard policy,FP,high_utilization_signal,0.5173076923076924,1.0,0.500181529222923,0.0,1.0,0.0,1.0,6,526
Best Scorecard policy,FN,ExternalRiskEstimate,82.98958333333333,84.0,5.04609237386852,70.0,92.0,78.75,86.0,0,96
Best Scorecard policy,FN,NumTrades60Ever2DerogPubRec,0.125,0.0,0.39068091705043445,0.0,2.0,0.0,0.0,0,96
Best Scorecard policy,FN,NumTrades90Ever2DerogPubRec,0.10416666666666667,0.0,0.36932845648816426,0.0,2.0,0.0,0.0,0,96
Best Scorecard policy,FN,PercentTradesNeverDelq,98.97916666666667,100.0,2.3529563338005084,90.0,100.0,100.0,100.0,0,96
Best Scorecard policy,FN,NetFractionRevolvingBurden,13.0,7.5,15.144914032526946,0.0,69.0,1.0,20.0,0,96
Best Scorecard policy,FN,NumBank2NatlTradesWHighUtilization,0.23404255319148937,0.0,0.5169291441824876,0.0,3.0,0.0,0.0,2,96
Best Scorecard policy,FN,delinquency_intensity,0.3435416666666667,0.0,1.1159730039808466,0.0,6.07,0.0,0.0,0,96
Best Scorecard policy,FN,trade_activity_ratio,0.0875724872679164,0.054093567251461944,0.21049803147530968,0.0,2.0,0.0,0.11274509803921567,0,96
Best Scorecard policy,FN,recent_inquiry_pressure,0.4986486486486486,0.225,0.6904918325017129,0.0,4.0,0.0,1.0,22,96
Best Scorecard policy,FN,revolving_burden_proxy,13.0,7.5,15.144914032526946,0.0,69.0,1.0,20.0,0,96
Best Scorecard policy,FN,installment_burden_proxy,66.06666666666666,67.0,24.68197723035981,6.0,100.0,53.0,90.0,51,96
Best Scorecard policy,FN,credit_history_length_proxy,239.22916666666666,229.5,85.89865254340098,88.0,498.0,182.75,283.25,0,96
Best Scorecard policy,FN,negative_trade_signal,0.23958333333333334,0.0,0.4290697812628879,0.0,1.0,0.0,0.0,0,96
Best Scorecard policy,FN,high_utilization_signal,0.19791666666666666,0.0,0.40052049468993056,0.0,1.0,0.0,0.0,0,96
Best Scorecard policy,TN,ExternalRiskEstimate,83.59619952494062,84.0,4.457031341503291,67.0,93.0,81.0,87.0,0,421
Best Scorecard policy,TN,NumTrades60Ever2DerogPubRec,0.07838479809976247,0.0,0.3101969484311073,0.0,3.0,0.0,0.0,0,421
Best Scorecard policy,TN,NumTrades90Ever2DerogPubRec,0.040380047505938245,0.0,0.230493978809896,0.0,3.0,0.0,0.0,0,421
Best Scorecard policy,TN,PercentTradesNeverDelq,98.93586698337292,100.0,2.307992535553183,85.0,100.0,100.0,100.0,0,421
Best Scorecard policy,TN,NetFractionRevolvingBurden,10.228028503562946,6.0,10.4291383545446,0.0,55.0,3.0,14.0,0,421
Best Scorecard policy,TN,NumBank2NatlTradesWHighUtilization,0.18509615384615385,0.0,0.43560675355670003,0.0,2.0,0.0,0.0,5,421
Best Scorecard policy,TN,delinquency_intensity,0.1697862232779097,0.0,0.7347093379926238,0.0,9.1,0.0,0.0,0,421
Best Scorecard policy,TN,trade_activity_ratio,0.07690052175121584,0.0476190476190476,0.21108067782712195,0.0,3.0,0.0,0.0909090909090909,0,421
Best Scorecard policy,TN,recent_inquiry_pressure,0.4842058404558405,0.0,0.9717765683274453,0.0,10.0,0.0,0.6666666666666666,109,421
Best Scorecard policy,TN,revolving_burden_proxy,10.228028503562946,6.0,10.4291383545446,0.0,55.0,3.0,14.0,0,421
Best Scorecard policy,TN,installment_burden_proxy,62.71610169491525,68.0,26.93127414115808,2.0,101.0,45.0,85.0,185,421
Best Scorecard policy,TN,credit_history_length_proxy,247.6437054631829,224.0,97.56168446557625,59.0,589.0,174.0,311.0,0,421
Best Scorecard policy,TN,negative_trade_signal,0.23040380047505937,0.0,0.4215923085780724,0.0,1.0,0.0,0.0,0,421
Best Scorecard policy,TN,high_utilization_signal,0.16389548693586697,0.0,0.37062113693939586,0.0,1.0,0.0,0.0,0,421
