system,feature,fp_vs_tp_smd,fp_vs_tn_smd,similarity_score,closer_to,interpretation
Old Best CatBoost cost-threshold,ExternalRiskEstimate,0.9337753600248533,1.4703044445861062,0.5365290845612529,TP,positive score means FP is closer to TP than TN
Old Best CatBoost cost-threshold,NumTrades60Ever2DerogPubRec,0.34436449585888795,0.6074986852673221,0.26313418940843414,TP,positive score means FP is closer to TP than TN
Old Best CatBoost cost-threshold,NumTrades90Ever2DerogPubRec,0.31714317447941864,0.5074772573275887,0.1903340828481701,TP,positive score means FP is closer to TP than TN
Old Best CatBoost cost-threshold,PercentTradesNeverDelq,0.4192428010075928,0.8262926938795853,0.40704989287199245,TP,positive score means FP is closer to TP than TN
Old Best CatBoost cost-threshold,NetFractionRevolvingBurden,0.7223088077901055,1.011040935082574,0.28873212729246844,TP,positive score means FP is closer to TP than TN
Old Best CatBoost cost-threshold,NumBank2NatlTradesWHighUtilization,0.46077410503359034,0.6484973263253951,0.1877232212918048,TP,positive score means FP is closer to TP than TN
Old Best CatBoost cost-threshold,delinquency_intensity,0.34604027678647886,0.5859404897890431,0.23990021300256426,TP,positive score means FP is closer to TP than TN
Old Best CatBoost cost-threshold,trade_activity_ratio,0.10697587636103849,0.06526512227387228,-0.04171075408716621,TN,positive score means FP is closer to TP than TN
Old Best CatBoost cost-threshold,recent_inquiry_pressure,0.28045570254551866,0.5825631916469551,0.3021074891014365,TP,positive score means FP is closer to TP than TN
Old Best CatBoost cost-threshold,revolving_burden_proxy,0.7223088077901055,1.011040935082574,0.28873212729246844,TP,positive score means FP is closer to TP than TN
Old Best CatBoost cost-threshold,installment_burden_proxy,0.18341541941436493,0.09143257273329064,-0.09198284668107429,TN,positive score means FP is closer to TP than TN
Old Best CatBoost cost-threshold,credit_history_length_proxy,0.3752018354996496,0.7209176735030846,0.34571583800343497,TP,positive score means FP is closer to TP than TN
Old Best CatBoost cost-threshold,negative_trade_signal,0.3358286325647986,1.0876463317175553,0.7518176991527568,TP,positive score means FP is closer to TP than TN
Old Best CatBoost cost-threshold,high_utilization_signal,0.5267121286152301,0.6321113428512966,0.10539921423606646,TP,positive score means FP is closer to TP than TN
Old Best CatBoost cost-threshold,__overall__,0.4338962445551167,0.7034306430047318,0.2695343984496151,TP,mean across analyzed features
Best precision-constrained CatBoost,ExternalRiskEstimate,0.9267227715443118,1.5157308782408,0.5890081066964883,TP,positive score means FP is closer to TP than TN
Best precision-constrained CatBoost,NumTrades60Ever2DerogPubRec,0.33836850887310116,0.6189837418530202,0.280615232979919,TP,positive score means FP is closer to TP than TN
Best precision-constrained CatBoost,NumTrades90Ever2DerogPubRec,0.3122783113256579,0.5162804132858856,0.20400210196022767,TP,positive score means FP is closer to TP than TN
Best precision-constrained CatBoost,PercentTradesNeverDelq,0.41290711239260136,0.8348807591796011,0.4219736467869998,TP,positive score means FP is closer to TP than TN
Best precision-constrained CatBoost,NetFractionRevolvingBurden,0.7134421295849472,1.0420795044141724,0.32863737482922517,TP,positive score means FP is closer to TP than TN
Best precision-constrained CatBoost,NumBank2NatlTradesWHighUtilization,0.4522617071677858,0.6862251235479161,0.2339634163801303,TP,positive score means FP is closer to TP than TN
Best precision-constrained CatBoost,delinquency_intensity,0.34047909415452376,0.5963035809948617,0.25582448684033793,TP,positive score means FP is closer to TP than TN
Best precision-constrained CatBoost,trade_activity_ratio,0.10472504150950654,0.07530393047899622,-0.029421111030510316,TN,positive score means FP is closer to TP than TN
Best precision-constrained CatBoost,recent_inquiry_pressure,0.2796282582802553,0.5655952591356408,0.2859670008553855,TP,positive score means FP is closer to TP than TN
Best precision-constrained CatBoost,revolving_burden_proxy,0.7134421295849472,1.0420795044141724,0.32863737482922517,TP,positive score means FP is closer to TP than TN
Best precision-constrained CatBoost,installment_burden_proxy,0.18259333589329277,0.10273326780567472,-0.07986006808761804,TN,positive score means FP is closer to TP than TN
Best precision-constrained CatBoost,credit_history_length_proxy,0.36931087864377055,0.6838700822100714,0.31455920356630085,TP,positive score means FP is closer to TP than TN
Best precision-constrained CatBoost,negative_trade_signal,0.3229633720691309,1.102667196832118,0.779703824762987,TP,positive score means FP is closer to TP than TN
Best precision-constrained CatBoost,high_utilization_signal,0.5130962380050522,0.6974206395399347,0.1843244015348825,TP,positive score means FP is closer to TP than TN
Best precision-constrained CatBoost,__overall__,0.4273013492163488,0.7200109915666333,0.29270964235028446,TP,mean across analyzed features
Best manual-review high-risk bucket,ExternalRiskEstimate,0.7221745156464716,1.9860103136499918,1.2638357980035202,TP,positive score means FP is closer to TP than TN
Best manual-review high-risk bucket,NumTrades60Ever2DerogPubRec,0.25117525908857224,0.613914694047625,0.36273943495905275,TP,positive score means FP is closer to TP than TN
Best manual-review high-risk bucket,NumTrades90Ever2DerogPubRec,0.24639365407359162,0.5031179904477868,0.25672433637419523,TP,positive score means FP is closer to TP than TN
Best manual-review high-risk bucket,PercentTradesNeverDelq,0.2834810261711342,0.903874609826054,0.6203935836549199,TP,positive score means FP is closer to TP than TN
Best manual-review high-risk bucket,NetFractionRevolvingBurden,0.5364135203081994,1.1997179011220966,0.6633043808138972,TP,positive score means FP is closer to TP than TN
Best manual-review high-risk bucket,NumBank2NatlTradesWHighUtilization,0.3238315234789722,0.7807791786485895,0.4569476551696173,TP,positive score means FP is closer to TP than TN
Best manual-review high-risk bucket,delinquency_intensity,0.26116951910566105,0.5889771231673059,0.32780760406164483,TP,positive score means FP is closer to TP than TN
Best manual-review high-risk bucket,trade_activity_ratio,0.04325518087059049,0.20078991531875096,0.15753473444816046,TP,positive score means FP is closer to TP than TN
Best manual-review high-risk bucket,recent_inquiry_pressure,0.22310317076838415,0.4878698574173155,0.2647666866489313,TP,positive score means FP is closer to TP than TN
Best manual-review high-risk bucket,revolving_burden_proxy,0.5364135203081994,1.1997179011220966,0.6633043808138972,TP,positive score means FP is closer to TP than TN
Best manual-review high-risk bucket,installment_burden_proxy,0.12465029618919246,0.2090489078320222,0.08439861164282975,TP,positive score means FP is closer to TP than TN
Best manual-review high-risk bucket,credit_history_length_proxy,0.2722694671436784,0.6300516428916056,0.35778217574792726,TP,positive score means FP is closer to TP than TN
Best manual-review high-risk bucket,negative_trade_signal,0.1719015038024445,0.9589602747315251,0.7870587709290806,TP,positive score means FP is closer to TP than TN
Best manual-review high-risk bucket,high_utilization_signal,0.3854769411070679,0.7419669742591429,0.356490033152075,TP,positive score means FP is closer to TP than TN
Best manual-review high-risk bucket,__overall__,0.31297922129015426,0.7860569488915649,0.4730777276014106,TP,mean across analyzed features
Best SCRE policy,ExternalRiskEstimate,0.7221745156464716,1.9860103136499918,1.2638357980035202,TP,positive score means FP is closer to TP than TN
Best SCRE policy,NumTrades60Ever2DerogPubRec,0.25117525908857224,0.613914694047625,0.36273943495905275,TP,positive score means FP is closer to TP than TN
Best SCRE policy,NumTrades90Ever2DerogPubRec,0.24639365407359162,0.5031179904477868,0.25672433637419523,TP,positive score means FP is closer to TP than TN
Best SCRE policy,PercentTradesNeverDelq,0.2834810261711342,0.903874609826054,0.6203935836549199,TP,positive score means FP is closer to TP than TN
Best SCRE policy,NetFractionRevolvingBurden,0.5364135203081994,1.1997179011220966,0.6633043808138972,TP,positive score means FP is closer to TP than TN
Best SCRE policy,NumBank2NatlTradesWHighUtilization,0.3238315234789722,0.7807791786485895,0.4569476551696173,TP,positive score means FP is closer to TP than TN
Best SCRE policy,delinquency_intensity,0.26116951910566105,0.5889771231673059,0.32780760406164483,TP,positive score means FP is closer to TP than TN
Best SCRE policy,trade_activity_ratio,0.04325518087059049,0.20078991531875096,0.15753473444816046,TP,positive score means FP is closer to TP than TN
Best SCRE policy,recent_inquiry_pressure,0.22310317076838415,0.4878698574173155,0.2647666866489313,TP,positive score means FP is closer to TP than TN
Best SCRE policy,revolving_burden_proxy,0.5364135203081994,1.1997179011220966,0.6633043808138972,TP,positive score means FP is closer to TP than TN
Best SCRE policy,installment_burden_proxy,0.12465029618919246,0.2090489078320222,0.08439861164282975,TP,positive score means FP is closer to TP than TN
Best SCRE policy,credit_history_length_proxy,0.2722694671436784,0.6300516428916056,0.35778217574792726,TP,positive score means FP is closer to TP than TN
Best SCRE policy,negative_trade_signal,0.1719015038024445,0.9589602747315251,0.7870587709290806,TP,positive score means FP is closer to TP than TN
Best SCRE policy,high_utilization_signal,0.3854769411070679,0.7419669742591429,0.356490033152075,TP,positive score means FP is closer to TP than TN
Best SCRE policy,__overall__,0.31297922129015426,0.7860569488915649,0.4730777276014106,TP,mean across analyzed features
Best Scorecard policy,ExternalRiskEstimate,0.7055482914717174,2.0690910710396038,1.3635427795678865,TP,positive score means FP is closer to TP than TN
Best Scorecard policy,NumTrades60Ever2DerogPubRec,0.24363824798631117,0.6249958016470087,0.38135755366069757,TP,positive score means FP is closer to TP than TN
Best Scorecard policy,NumTrades90Ever2DerogPubRec,0.23377194943500346,0.5369552918559178,0.3031833424209144,TP,positive score means FP is closer to TP than TN
Best Scorecard policy,PercentTradesNeverDelq,0.2804253804299943,0.8841090317855366,0.6036836513555423,TP,positive score means FP is closer to TP than TN
Best Scorecard policy,NetFractionRevolvingBurden,0.5272437716816295,1.2373551092207475,0.710111337539118,TP,positive score means FP is closer to TP than TN
Best Scorecard policy,NumBank2NatlTradesWHighUtilization,0.30199074790444175,0.8480150625343476,0.5460243146299057,TP,positive score means FP is closer to TP than TN
Best Scorecard policy,delinquency_intensity,0.2502578042734828,0.6138445528272534,0.36358674855377054,TP,positive score means FP is closer to TP than TN
Best Scorecard policy,trade_activity_ratio,0.050795459726619724,0.18144233517688696,0.13064687545026724,TP,positive score means FP is closer to TP than TN
Best Scorecard policy,recent_inquiry_pressure,0.23379152609360127,0.4797088118935382,0.24591728579993694,TP,positive score means FP is closer to TP than TN
Best Scorecard policy,revolving_burden_proxy,0.5272437716816295,1.2373551092207475,0.710111337539118,TP,positive score means FP is closer to TP than TN
Best Scorecard policy,installment_burden_proxy,0.12435540882024179,0.21678515331590167,0.09242974449565988,TP,positive score means FP is closer to TP than TN
Best Scorecard policy,credit_history_length_proxy,0.28998569401051055,0.5799524193419096,0.289966725331399,TP,positive score means FP is closer to TP than TN
Best Scorecard policy,negative_trade_signal,0.17370190183455045,0.9127570043988426,0.7390551025642921,TP,positive score means FP is closer to TP than TN
Best Scorecard policy,high_utilization_signal,0.36485827243977714,0.8028554946397877,0.4379972222000105,TP,positive score means FP is closer to TP than TN
Best Scorecard policy,__overall__,0.30768630198496505,0.8018015892070022,0.4941152872220371,TP,mean across analyzed features
