dataset,split,system,cost_definition,policy_type,high_exposure_default_total,high_exposure_default_missed_count,high_exposure_false_alarm_count,low_risk_default_count,high_risk_false_alarm_count,manual_review_count,manual_review_rate,total_instance_dependent_cost,delta_vs_v2,cost_rank,high_exposure_miss_rate,comment
heloc,validation,V2 HELOC Scorecard manual-review,heloc_risk_exposure_proxy,manual_review_band,408,0,86,14,369,580,0.2938196555217832,726.0144633410146,0.0,1.0,0.0,Not lower than V2 under this exposure definition.
heloc,validation,V2 HELOC Scorecard manual-review,heloc_revolving_burden_weighted,manual_review_band,378,0,110,14,369,580,0.2938196555217832,715.3110472708279,0.0,1.0,0.0,Not lower than V2 under this exposure definition.
heloc,validation,V2 HELOC Scorecard manual-review,heloc_capped_hybrid,manual_review_band,402,0,91,14,369,580,0.2938196555217832,704.6651021223685,0.0,1.0,0.0,Not lower than V2 under this exposure definition.
heloc,locked_test,V2 HELOC Scorecard manual-review,heloc_risk_exposure_proxy,manual_review_band,409,0,85,19,403,533,0.26987341772151896,765.381620968788,0.0,1.0,0.0,Not lower than V2 under this exposure definition.
heloc,locked_test,V2 HELOC Scorecard manual-review,heloc_revolving_burden_weighted,manual_review_band,381,0,109,19,403,533,0.26987341772151896,768.8901802037085,0.0,1.0,0.0,Not lower than V2 under this exposure definition.
heloc,locked_test,V2 HELOC Scorecard manual-review,heloc_capped_hybrid,manual_review_band,402,0,92,19,403,533,0.26987341772151896,737.0543602344993,0.0,1.0,0.0,Not lower than V2 under this exposure definition.
heloc,validation,HELOC specificity candidate threshold,heloc_risk_exposure_proxy,threshold_only,408,1,85,240,284,0,0.0,1907.528737379079,1181.5142740380645,4.0,0.0024509803921568627,Not lower than V2 under this exposure definition.
heloc,validation,HELOC specificity candidate threshold,heloc_revolving_burden_weighted,threshold_only,378,20,96,240,284,0,0.0,1960.8999738835205,1245.5889266126926,5.0,0.05291005291005291,Not lower than V2 under this exposure definition.
heloc,validation,HELOC specificity candidate threshold,heloc_capped_hybrid,threshold_only,402,8,83,240,284,0,0.0,1304.0857422525198,599.4206401301514,5.0,0.01990049751243781,Not lower than V2 under this exposure definition.
heloc,locked_test,HELOC specificity candidate threshold,heloc_risk_exposure_proxy,threshold_only,409,1,85,224,307,0,0.0,1800.9890839010893,1035.6074629323014,3.0,0.0024449877750611247,Not lower than V2 under this exposure definition.
heloc,locked_test,HELOC specificity candidate threshold,heloc_revolving_burden_weighted,threshold_only,381,15,96,224,307,0,0.0,1792.9663097414468,1024.0761295377383,3.0,0.03937007874015748,Not lower than V2 under this exposure definition.
heloc,locked_test,HELOC specificity candidate threshold,heloc_capped_hybrid,threshold_only,402,5,87,224,307,0,0.0,1238.9910787285073,501.936718494008,3.0,0.012437810945273632,Not lower than V2 under this exposure definition.
heloc,validation,HELOC capacity SCRE top20,heloc_risk_exposure_proxy,top_k_review,408,126,0,678,0,395,0.2001013171225937,5939.131308150775,5213.116844809761,8.0,0.3088235294117647,Not lower than V2 under this exposure definition.
heloc,validation,HELOC capacity SCRE top20,heloc_revolving_burden_weighted,top_k_review,378,158,0,678,0,395,0.2001013171225937,6132.507182031862,5417.196134761034,8.0,0.41798941798941797,Not lower than V2 under this exposure definition.
heloc,validation,HELOC capacity SCRE top20,heloc_capped_hybrid,top_k_review,402,141,0,678,0,395,0.2001013171225937,3549.827698036527,2845.162595914159,8.0,0.35074626865671643,Not lower than V2 under this exposure definition.
heloc,locked_test,HELOC capacity SCRE top20,heloc_risk_exposure_proxy,top_k_review,409,124,0,680,0,395,0.2,5969.297176326677,5203.915555357889,8.0,0.30317848410757947,Not lower than V2 under this exposure definition.
heloc,locked_test,HELOC capacity SCRE top20,heloc_revolving_burden_weighted,top_k_review,381,152,0,680,0,395,0.2,6186.5833115696005,5417.6931313658915,8.0,0.3989501312335958,Not lower than V2 under this exposure definition.
heloc,locked_test,HELOC capacity SCRE top20,heloc_capped_hybrid,top_k_review,402,140,0,680,0,395,0.2,3569.676097579256,2832.6217373447566,8.0,0.3482587064676617,Not lower than V2 under this exposure definition.
heloc,validation,HELOC capacity SCRE top25,heloc_risk_exposure_proxy,top_k_review,408,87,0,597,0,494,0.2502532928064843,5168.167660174671,4442.153196833657,7.0,0.21323529411764705,Not lower than V2 under this exposure definition.
heloc,validation,HELOC capacity SCRE top25,heloc_revolving_burden_weighted,top_k_review,378,122,0,597,0,494,0.2502532928064843,5323.516714546879,4608.205667276051,7.0,0.32275132275132273,Not lower than V2 under this exposure definition.
heloc,validation,HELOC capacity SCRE top25,heloc_capped_hybrid,top_k_review,402,102,0,597,0,494,0.2502532928064843,3142.03687494431,2437.3717728219417,7.0,0.2537313432835821,Not lower than V2 under this exposure definition.
heloc,locked_test,HELOC capacity SCRE top25,heloc_risk_exposure_proxy,top_k_review,409,79,0,605,0,494,0.250126582278481,5244.517573363273,4479.135952394485,7.0,0.19315403422982885,Not lower than V2 under this exposure definition.
heloc,locked_test,HELOC capacity SCRE top25,heloc_revolving_burden_weighted,top_k_review,381,124,0,605,0,494,0.250126582278481,5461.961478192739,4693.07129798903,7.0,0.32545931758530183,Not lower than V2 under this exposure definition.
heloc,locked_test,HELOC capacity SCRE top25,heloc_capped_hybrid,top_k_review,402,106,0,605,0,494,0.250126582278481,3196.995810311202,2459.941450076703,7.0,0.263681592039801,Not lower than V2 under this exposure definition.
heloc,validation,SCRE-Optimized ranking threshold 0.50,heloc_risk_exposure_proxy,threshold_only,408,0,86,160,361,0,0.0,1355.333751081962,629.3192877409474,2.0,0.0,Not lower than V2 under this exposure definition.
heloc,validation,SCRE-Optimized ranking threshold 0.50,heloc_revolving_burden_weighted,threshold_only,378,4,112,160,361,0,0.0,1345.9928179681378,630.68177069731,2.0,0.010582010582010581,Not lower than V2 under this exposure definition.
heloc,validation,SCRE-Optimized ranking threshold 0.50,heloc_capped_hybrid,threshold_only,402,0,92,160,361,0,0.0,996.86531381002,292.2002116876515,2.0,0.0,Not lower than V2 under this exposure definition.
heloc,locked_test,SCRE-Optimized ranking threshold 0.50,heloc_risk_exposure_proxy,threshold_only,409,0,85,149,387,0,0.0,1310.1727802018986,544.7911592331106,2.0,0.0,Not lower than V2 under this exposure definition.
heloc,locked_test,SCRE-Optimized ranking threshold 0.50,heloc_revolving_burden_weighted,threshold_only,381,6,107,149,387,0,0.0,1270.0477931574824,501.1576129537739,2.0,0.015748031496062992,Not lower than V2 under this exposure definition.
heloc,locked_test,SCRE-Optimized ranking threshold 0.50,heloc_capped_hybrid,threshold_only,402,0,90,149,387,0,0.0,971.7441146718761,234.6897544373768,2.0,0.0,Not lower than V2 under this exposure definition.
heloc,validation,SCRE-Pareto ranking threshold 0.50,heloc_risk_exposure_proxy,threshold_only,408,0,85,233,275,0,0.0,1836.9621372610284,1110.9476739200138,3.0,0.0,Not lower than V2 under this exposure definition.
heloc,validation,SCRE-Pareto ranking threshold 0.50,heloc_revolving_burden_weighted,threshold_only,378,13,100,233,275,0,0.0,1855.381300600679,1140.070253329851,3.0,0.03439153439153439,Not lower than V2 under this exposure definition.
heloc,validation,SCRE-Pareto ranking threshold 0.50,heloc_capped_hybrid,threshold_only,402,3,88,233,275,0,0.0,1252.9686875723414,548.303585449973,3.0,0.007462686567164179,Not lower than V2 under this exposure definition.
heloc,locked_test,SCRE-Pareto ranking threshold 0.50,heloc_risk_exposure_proxy,threshold_only,409,2,84,235,291,0,0.0,1890.9839582094564,1125.6023372406685,4.0,0.004889975550122249,Not lower than V2 under this exposure definition.
heloc,locked_test,SCRE-Pareto ranking threshold 0.50,heloc_revolving_burden_weighted,threshold_only,381,13,98,235,291,0,0.0,1875.0526247061898,1106.1624445024813,4.0,0.03412073490813648,Not lower than V2 under this exposure definition.
heloc,locked_test,SCRE-Pareto ranking threshold 0.50,heloc_capped_hybrid,threshold_only,402,4,86,235,291,0,0.0,1280.3073165831292,543.2529563486299,4.0,0.009950248756218905,Not lower than V2 under this exposure definition.
heloc,validation,Scorecard benchmark threshold 0.50,heloc_risk_exposure_proxy,threshold_only,408,0,85,252,272,0,0.0,1991.302809447841,1265.2883461068263,6.0,0.0,Not lower than V2 under this exposure definition.
heloc,validation,Scorecard benchmark threshold 0.50,heloc_revolving_burden_weighted,threshold_only,378,20,95,252,272,0,0.0,2039.8721598328545,1324.5611125620267,6.0,0.05291005291005291,Not lower than V2 under this exposure definition.
heloc,validation,Scorecard benchmark threshold 0.50,heloc_capped_hybrid,threshold_only,402,8,84,252,272,0,0.0,1347.434993856139,642.7698917337706,6.0,0.01990049751243781,Not lower than V2 under this exposure definition.
heloc,locked_test,Scorecard benchmark threshold 0.50,heloc_risk_exposure_proxy,threshold_only,409,1,84,249,285,0,0.0,1983.0498190353928,1217.6681980666049,6.0,0.0024449877750611247,Not lower than V2 under this exposure definition.
heloc,locked_test,Scorecard benchmark threshold 0.50,heloc_revolving_burden_weighted,threshold_only,381,19,95,249,285,0,0.0,2000.22656045965,1231.3363802559415,6.0,0.049868766404199474,Not lower than V2 under this exposure definition.
heloc,locked_test,Scorecard benchmark threshold 0.50,heloc_capped_hybrid,threshold_only,402,7,85,249,285,0,0.0,1341.1552758990085,604.1009156645092,6.0,0.017412935323383085,Not lower than V2 under this exposure definition.
heloc,validation,CatBoost benchmark threshold 0.50,heloc_risk_exposure_proxy,threshold_only,408,0,84,242,275,0,0.0,1914.9227259119061,1188.9082625708916,5.0,0.0,Not lower than V2 under this exposure definition.
heloc,validation,CatBoost benchmark threshold 0.50,heloc_revolving_burden_weighted,threshold_only,378,14,98,242,275,0,0.0,1933.444110733873,1218.1330634630451,4.0,0.037037037037037035,Not lower than V2 under this exposure definition.
heloc,validation,CatBoost benchmark threshold 0.50,heloc_capped_hybrid,threshold_only,402,4,85,242,275,0,0.0,1297.6733673291558,593.0082652067873,4.0,0.009950248756218905,Not lower than V2 under this exposure definition.
heloc,locked_test,CatBoost benchmark threshold 0.50,heloc_risk_exposure_proxy,threshold_only,409,2,84,237,288,0,0.0,1907.419800022063,1142.0381790532751,5.0,0.004889975550122249,Not lower than V2 under this exposure definition.
heloc,locked_test,CatBoost benchmark threshold 0.50,heloc_revolving_burden_weighted,threshold_only,381,13,94,237,288,0,0.0,1899.4246539566466,1130.534473752938,5.0,0.03412073490813648,Not lower than V2 under this exposure definition.
heloc,locked_test,CatBoost benchmark threshold 0.50,heloc_capped_hybrid,threshold_only,402,4,84,237,288,0,0.0,1289.6688907957418,552.6145305612425,5.0,0.009950248756218905,Not lower than V2 under this exposure definition.
