dataset,model,evaluation_split,calibration_type,threshold_probability,tp,fp,tn,fn,net_benefit,net_benefit_treat_all,net_benefit_treat_none,standardized_net_benefit,is_better_than_treat_all,is_better_than_treat_none,rank_at_threshold
heloc,Best CatBoost,test,isotonic,0.01,1028,947,0,0,0.5156629587009334,0.5156629587009334,0.0,0.9906948866092835,False,True,1
heloc,Best CatBoost,test,isotonic,0.02,1028,947,0,0,0.5107207439938001,0.5107207439938001,0.0,0.9811998729452871,False,True,1
heloc,Best CatBoost,test,isotonic,0.03,1028,944,3,0,0.5057236069424507,0.505676627952499,0.0,0.9715993421316538,True,True,1
heloc,Best CatBoost,test,isotonic,0.04,1028,943,4,0,0.5006118143459916,0.5005274261603375,0.0,0.9617785343709468,True,True,1
heloc,Best CatBoost,test,isotonic,0.05,1028,939,8,0,0.49548301132578276,0.49526982011992005,0.0,0.9519250460782306,True,True,1
heloc,Best CatBoost,test,isotonic,0.06,1028,935,12,0,0.49028817667654184,0.48990035012119576,0.0,0.9419446974087259,True,True,1
heloc,Best CatBoost,test,isotonic,0.07,1028,934,13,0,0.4849108479651558,0.4844154076493807,0.0,0.9316137400108782,True,True,1
heloc,Best CatBoost,test,isotonic,0.08,1028,932,15,0,0.4794716565767749,0.4788112272977435,0.0,0.9211639316528506,True,True,1
heloc,Best CatBoost,test,isotonic,0.09,1027,921,26,1,0.47387953818333567,0.47308387814716923,0.0,0.9104203189806304,True,True,1
heloc,Best CatBoost,test,isotonic,0.1,1027,912,35,1,0.4686919831223629,0.4672292545710267,0.0,0.9004539559014267,True,True,1
heloc,Best CatBoost,test,isotonic,0.11,1026,896,51,2,0.46342198833736303,0.46124306642013935,0.0,0.890329209111179,True,True,1
heloc,Best CatBoost,test,isotonic,0.12,1020,868,79,8,0.4565247410817031,0.45512082853855,0.0,0.8770781747435444,True,True,2
heloc,Best CatBoost,test,isotonic,0.13,1015,836,111,13,0.45067365051651387,0.44885784955623453,0.0,0.8658370231226798,True,True,1
heloc,Best CatBoost,test,isotonic,0.14,1008,798,149,20,0.4446040624080071,0.44244921989991165,0.0,0.8541760926612977,True,True,2
heloc,Best CatBoost,test,isotonic,0.15,999,773,174,29,0.43675353685778107,0.43588979895755764,0.0,0.8390936140993362,True,True,4
heloc,Best CatBoost,test,isotonic,0.16,998,754,193,30,0.4325979505726341,0.4291742013261,0.0,0.8311098758569576,True,True,3
heloc,Best CatBoost,test,isotonic,0.17,995,729,218,33,0.42819582125972244,0.4222967820649687,0.0,0.8226524776147391,True,True,2
heloc,Best CatBoost,test,isotonic,0.18,992,722,225,36,0.422031491200988,0.41525162087063905,0.0,0.8108095283287464,True,True,4
heloc,Best CatBoost,test,isotonic,0.19,986,689,258,42,0.4174089701515862,0.40803250507891853,0.0,0.8019287121102945,True,True,1
heloc,Best CatBoost,test,isotonic,0.2,985,670,277,43,0.4139240506329114,0.40063291139240503,0.0,0.7952334630350195,True,True,1
heloc,Best CatBoost,test,isotonic,0.21,984,662,285,44,0.40912674250921327,0.393045986220157,0.0,0.786016844801261,True,True,1
heloc,Best CatBoost,test,isotonic,0.22,978,649,298,50,0.4025056799740344,0.3852645245050308,0.0,0.7732964182380525,True,True,1
heloc,Best CatBoost,test,isotonic,0.23,969,627,320,59,0.39580470162748643,0.37728094690120006,0.0,0.7604224569205115,True,True,4
heloc,Best CatBoost,test,isotonic,0.24,963,603,344,65,0.3911792138574284,0.36908727514990003,0.0,0.7515359410198649,True,True,2
heloc,Best CatBoost,test,isotonic,0.25,954,585,362,74,0.3843037974683544,0.3606751054852321,0.0,0.7383268482490273,True,True,3
heloc,Best CatBoost,test,isotonic,0.26,949,572,375,79,0.37874786178583647,0.3520355798836811,0.0,0.7276527500262909,True,True,4
heloc,Best CatBoost,test,isotonic,0.27,943,555,392,85,0.3735321657707647,0.3431593549505808,0.0,0.7176323223708758,True,True,3
heloc,Best CatBoost,test,isotonic,0.28,941,544,403,87,0.3693389592123769,0.33403656821378336,0.0,0.7095763078253351,True,True,4
heloc,Best CatBoost,test,isotonic,0.29,937,523,424,91,0.36626849705829917,0.3246568015689071,0.0,0.7036773168192032,True,True,2
heloc,Best CatBoost,test,isotonic,0.3,931,510,437,97,0.3607233273056058,0.31500904159132004,0.0,0.6930239021678711,True,True,2
heloc,Best CatBoost,test,isotonic,0.31,925,503,444,103,0.3539313887360117,0.3050816363969913,0.0,0.6799751875035245,True,True,3
heloc,Best CatBoost,test,isotonic,0.32,920,492,455,108,0.3485927029039464,0.2948622486969471,0.0,0.669718471046006,True,True,4
heloc,Best CatBoost,test,isotonic,0.33,907,467,480,121,0.3427772529756282,0.2843378046476478,0.0,0.6585457924385854,True,True,4
heloc,Best CatBoost,test,isotonic,0.34,905,452,495,123,0.34032988108937473,0.2734944380514,0.0,0.6538438863341587,True,True,2
heloc,Best CatBoost,test,isotonic,0.35,897,442,505,131,0.33367088607594936,0.262317429406037,0.0,0.6410505836575876,True,True,3
heloc,Best CatBoost,test,isotonic,0.36,891,427,520,137,0.32952531645569616,0.2507911392405063,0.0,0.6330860894941633,True,True,2
heloc,Best CatBoost,test,isotonic,0.37,886,411,536,142,0.3263893911995178,0.2388989351014667,0.0,0.6270613303687235,True,True,2
heloc,Best CatBoost,test,isotonic,0.38,884,401,546,144,0.3231523070641078,0.226623111474071,0.0,0.6208422241747208,True,True,2
heloc,Best CatBoost,test,isotonic,0.39,878,392,555,150,0.31765926540776096,0.21394480182610492,0.0,0.6102889583466224,True,True,3
heloc,Best CatBoost,test,isotonic,0.4,874,385,562,154,0.31257383966244723,0.20084388185654,0.0,0.6005188067444877,True,True,2
heloc,Best CatBoost,test,isotonic,0.41,860,359,588,168,0.3091267968247158,0.18729886290495606,0.0,0.5938963265844491,True,True,2
heloc,Best CatBoost,test,isotonic,0.42,857,355,592,171,0.3037625491051943,0.1732867743343518,0.0,0.5835905004696097,True,True,2
heloc,Best CatBoost,test,isotonic,0.43,853,354,593,175,0.29668221185876087,0.1587830335332001,0.0,0.5699877124718412,True,True,4
heloc,Best CatBoost,test,isotonic,0.44,845,348,599,183,0.2894032549728752,0.14376130198915005,0.0,0.5560033351862146,True,True,4
heloc,Best CatBoost,test,isotonic,0.45,833,335,612,195,0.2829919447640967,0.12819332566168007,0.0,0.5436858860983376,True,True,4
heloc,Best CatBoost,test,isotonic,0.46,824,321,626,204,0.2787623066104079,0.11204875761837785,0.0,0.535559878945093,True,True,2
heloc,Best CatBoost,test,isotonic,0.47,818,310,637,210,0.27498447575829954,0.09529496059230952,0.0,0.5283018867924529,True,True,1
heloc,Best CatBoost,test,isotonic,0.48,814,306,641,214,0.2691333982473223,0.07789678675754624,0.0,0.5170607602514218,True,True,1
heloc,Best CatBoost,test,isotonic,0.49,795,292,655,233,0.2604815090593199,0.05981633159592953,0.0,0.5004386968795299,True,True,1
heloc,Best CatBoost,test,isotonic,0.5,791,288,659,237,0.25468354430379747,0.04101265822784805,0.0,0.4892996108949417,True,True,1
heloc,Best CatBoost,test,isotonic,0.51,773,276,671,255,0.24594161715319038,0.02144148798760004,0.0,0.47250456602874613,True,True,2
heloc,Best CatBoost,test,isotonic,0.52,771,270,677,257,0.24227848101265817,0.001054852320675037,0.0,0.4654669260700388,True,True,1
heloc,Best CatBoost,test,isotonic,0.53,764,259,688,264,0.2389550228925397,-0.02019929975760859,0.0,0.45908187763887737,True,True,1
heloc,Best CatBoost,test,isotonic,0.54,755,251,696,273,0.23308750687947163,-0.042377545404512995,0.0,0.4478091693452884,True,True,1
heloc,Best CatBoost,test,isotonic,0.55,750,244,703,278,0.22874824191279886,-0.0655414908579468,0.0,0.4394725464764375,True,True,1
heloc,Best CatBoost,test,isotonic,0.56,727,235,712,301,0.216662830840046,-0.08975834292290008,0.0,0.4162539794835514,True,True,3
heloc,Best CatBoost,test,isotonic,0.57,712,228,719,316,0.20747718575213428,-0.11510156020017648,0.0,0.39860646095375996,True,True,5
heloc,Best CatBoost,test,isotonic,0.58,707,220,727,321,0.20414707655213987,-0.14165159734779986,0.0,0.3922086344265333,True,True,4
heloc,Best CatBoost,test,isotonic,0.59,703,216,731,325,0.19856745909231246,-0.1694967582587218,0.0,0.38148903862579486,True,True,5
heloc,Best CatBoost,test,isotonic,0.6,679,196,751,349,0.1949367088607595,-0.19873417721518982,0.0,0.37451361867704286,True,True,4
heloc,Best CatBoost,test,isotonic,0.61,643,176,771,385,0.18618630314832846,-0.22947095098993842,0.0,0.3577022847450863,True,True,5
heloc,Best CatBoost,test,isotonic,0.62,636,172,775,392,0.1799333777481679,-0.26182544970019994,0.0,0.3456891255375794,True,True,5
heloc,Best CatBoost,test,isotonic,0.63,626,170,777,402,0.17040027369141292,-0.29592884023263777,0.0,0.3273740666736776,True,True,4
heloc,Best CatBoost,test,isotonic,0.64,619,167,780,409,0.1630942334739803,-0.3319268635724333,0.0,0.3133376567228707,True,True,5
heloc,Best CatBoost,test,isotonic,0.65,614,163,784,414,0.15761301989150087,-0.36998191681736003,0.0,0.3028071150639243,True,True,5
heloc,Best CatBoost,test,isotonic,0.66,573,139,808,455,0.1535070737155622,-0.4102755026061059,0.0,0.29491874570840015,True,True,5
heloc,Best CatBoost,test,isotonic,0.67,568,139,808,460,0.14470272343690063,-0.4530111238972001,0.0,0.2780037731399599,True,True,5
heloc,Best CatBoost,test,isotonic,0.68,565,135,812,463,0.14082278481012658,-0.49841772151898756,0.0,0.2705496108949417,True,True,4
heloc,Best CatBoost,test,isotonic,0.69,547,126,821,481,0.13496120865659456,-0.5467537770518576,0.0,0.25928831429647303,True,True,4
heloc,Best CatBoost,test,isotonic,0.7,533,119,828,495,0.12928270042194093,-0.5983122362869198,0.0,0.248378728923476,True,True,4
heloc,Best CatBoost,test,isotonic,0.71,515,110,837,513,0.12439982540375383,-0.6534264513312964,0.0,0.23899771903931305,True,True,3
heloc,Best CatBoost,test,isotonic,0.72,496,103,844,532,0.11703435804701631,-0.7124773960216997,0.0,0.22484713729849926,True,True,4
heloc,Best CatBoost,test,isotonic,0.73,488,100,847,540,0.1101922175339897,-0.7759024847632441,0.0,0.21170197434788876,True,True,4
heloc,Best CatBoost,test,isotonic,0.74,478,94,853,550,0.10656280428432327,-0.8442064264849074,0.0,0.20472912301706075,True,True,2
heloc,Best CatBoost,test,isotonic,0.75,441,75,872,587,0.10936708860759495,-0.9179746835443039,0.0,0.21011673151750976,True,True,2
heloc,Best CatBoost,test,isotonic,0.76,416,72,875,612,0.0951898734177215,-0.9978902953586499,0.0,0.1828793774319066,True,True,2
heloc,Best CatBoost,test,isotonic,0.77,377,64,883,651,0.08239955971381398,-1.084755090809026,0.0,0.15830654711554729,True,True,4
heloc,Best CatBoost,test,isotonic,0.78,351,50,897,677,0.08796317606444186,-1.1795166858458002,0.0,0.16899540148567382,True,True,2
heloc,Best CatBoost,test,isotonic,0.79,338,48,899,690,0.07971066907775767,-1.2833031946956002,0.0,0.15314063368538075,True,True,2
heloc,Best CatBoost,test,isotonic,0.8,314,44,903,714,0.06987341772151898,-1.3974683544303803,0.0,0.13424124513618677,True,True,2
heloc,Best XGBoost,test,isotonic,0.01,1028,947,0,0,0.5156629587009334,0.5156629587009334,0.0,0.9906948866092835,False,True,1
heloc,Best XGBoost,test,isotonic,0.02,1028,947,0,0,0.5107207439938001,0.5107207439938001,0.0,0.9811998729452871,False,True,1
heloc,Best XGBoost,test,isotonic,0.03,1028,947,0,0,0.505676627952499,0.505676627952499,0.0,0.9715090858036824,False,True,2
heloc,Best XGBoost,test,isotonic,0.04,1028,946,1,0,0.500548523206751,0.5005274261603375,0.0,0.9616569390402075,True,True,2
heloc,Best XGBoost,test,isotonic,0.05,1028,943,4,0,0.4953764157228514,0.49526982011992005,0.0,0.9517202539422486,True,True,2
heloc,Best XGBoost,test,isotonic,0.06,1028,942,5,0,0.49006194451925666,0.48990035012119576,0.0,0.9415100587797004,True,True,2
heloc,Best XGBoost,test,isotonic,0.07,1027,927,20,1,0.48467129440587997,0.4844154076493807,0.0,0.9311535082214134,True,True,2
heloc,Best XGBoost,test,isotonic,0.08,1024,921,26,4,0.47793065492570175,0.4788112272977435,0.0,0.9182033496870243,False,True,5
heloc,Best XGBoost,test,isotonic,0.09,1021,914,33,7,0.4711920990402004,0.47308387814716923,0.0,0.9052571941677002,False,True,5
heloc,Best XGBoost,test,isotonic,0.1,1018,879,68,10,0.46599156118143453,0.4672292545710267,0.0,0.8952658884565499,False,True,5
heloc,Best XGBoost,test,isotonic,0.11,1013,855,92,15,0.45940548997297687,0.46124306642013935,0.0,0.8826126874480831,False,True,5
heloc,Best XGBoost,test,isotonic,0.12,1012,840,107,16,0.45440736478711163,0.45512082853855,0.0,0.873010258224266,False,True,5
heloc,Best XGBoost,test,isotonic,0.13,1006,792,155,22,0.44944565691837624,0.44885784955623453,0.0,0.8634777941768416,True,True,3
heloc,Best XGBoost,test,isotonic,0.14,1006,787,160,22,0.4444980865469532,0.44244921989991165,0.0,0.8539724911772691,True,True,3
heloc,Best XGBoost,test,isotonic,0.15,1003,764,183,25,0.4395830230826508,0.43588979895755764,0.0,0.8445296406500344,True,True,2
heloc,Best XGBoost,test,isotonic,0.16,996,735,212,32,0.43341772151898733,0.4291742013261,0.0,0.8326848249027238,True,True,2
heloc,Best XGBoost,test,isotonic,0.17,987,703,244,41,0.42684154338874486,0.4222967820649687,0.0,0.8200506305377151,True,True,4
heloc,Best XGBoost,test,isotonic,0.18,985,687,260,43,0.42237727693732635,0.41525162087063905,0.0,0.8114738540381513,True,True,2
heloc,Best XGBoost,test,isotonic,0.19,984,685,262,44,0.4168713861540866,0.40803250507891853,0.0,0.8008959023874719,True,True,3
heloc,Best XGBoost,test,isotonic,0.2,984,671,276,44,0.4132911392405063,0.40063291139240503,0.0,0.7940175097276264,True,True,2
heloc,Best XGBoost,test,isotonic,0.21,980,653,294,48,0.40831277038936065,0.393045986220157,0.0,0.7844530364970693,True,True,2
heloc,Best XGBoost,test,isotonic,0.22,968,616,331,60,0.40215514443362543,0.3852645245050308,0.0,0.7726229671754964,True,True,2
heloc,Best XGBoost,test,isotonic,0.23,961,600,347,67,0.3958375801413776,0.37728094690120006,0.0,0.7604856233260903,True,True,3
heloc,Best XGBoost,test,isotonic,0.24,957,591,356,71,0.3900599600266489,0.36908727514990003,0.0,0.7493856235920541,True,True,3
heloc,Best XGBoost,test,isotonic,0.25,956,584,363,72,0.3854852320675105,0.3606751054852321,0.0,0.7405966277561608,True,True,2
heloc,Best XGBoost,test,isotonic,0.26,950,564,383,78,0.38067738624700653,0.3520355798836811,0.0,0.7313597644336944,True,True,1
heloc,Best XGBoost,test,isotonic,0.27,943,546,401,85,0.3752176174787585,0.3431593549505808,0.0,0.7208704226853581,True,True,2
heloc,Best XGBoost,test,isotonic,0.28,938,533,414,90,0.369985935302391,0.33403656821378336,0.0,0.7108192823173368,True,True,3
heloc,Best XGBoost,test,isotonic,0.29,937,520,427,91,0.3668889285077554,0.3246568015689071,0.0,0.7048692935825067,True,True,1
heloc,Best XGBoost,test,isotonic,0.3,934,512,435,94,0.3618083182640145,0.31500904159132004,0.0,0.6951083935519734,True,True,1
heloc,Best XGBoost,test,isotonic,0.31,926,497,450,102,0.35580260502660066,0.3050816363969913,0.0,0.6835701798905995,True,True,1
heloc,Best XGBoost,test,isotonic,0.32,920,484,463,108,0.3504988830975428,0.2948622486969471,0.0,0.673380636301213,True,True,2
heloc,Best XGBoost,test,isotonic,0.33,916,475,472,112,0.3453391271490648,0.2843378046476478,0.0,0.6634676810500029,True,True,1
heloc,Best XGBoost,test,isotonic,0.34,911,461,486,117,0.3410203298810894,0.2734944380514,0.0,0.6551703808513147,True,True,1
heloc,Best XGBoost,test,isotonic,0.35,907,446,501,121,0.33764362220058425,0.262317429406037,0.0,0.6486830290332236,True,True,1
heloc,Best XGBoost,test,isotonic,0.36,903,436,511,125,0.33303797468354435,0.2507911392405063,0.0,0.6398346303501946,True,True,1
heloc,Best XGBoost,test,isotonic,0.37,898,422,525,130,0.32919429375125575,0.2388989351014667,0.0,0.6324501266135507,True,True,1
heloc,Best XGBoost,test,isotonic,0.38,895,412,535,133,0.3253082890975908,0.226623111474071,0.0,0.6249843102799045,True,True,1
heloc,Best XGBoost,test,isotonic,0.39,894,402,545,134,0.3225233450923428,0.21394480182610492,0.0,0.6196338585188493,True,True,1
heloc,Best XGBoost,test,isotonic,0.4,890,394,553,138,0.31763713080168776,0.20084388185654,0.0,0.6102464332036317,True,True,1
heloc,Best XGBoost,test,isotonic,0.41,882,386,561,146,0.3107659300579275,0.18729886290495606,0.0,0.597045439556816,True,True,1
heloc,Best XGBoost,test,isotonic,0.42,876,381,566,152,0.30384984722828456,0.1732867743343518,0.0,0.583758218167181,True,True,1
heloc,Best XGBoost,test,isotonic,0.43,868,373,574,160,0.29701976460137686,0.1587830335332001,0.0,0.5706362209024507,True,True,3
heloc,Best XGBoost,test,isotonic,0.44,854,358,589,174,0.28998191681735985,0.14376130198915005,0.0,0.5571150639244025,True,True,2
heloc,Best XGBoost,test,isotonic,0.45,840,341,606,188,0.28405063291139243,0.12819332566168007,0.0,0.5457198443579767,True,True,2
heloc,Best XGBoost,test,isotonic,0.46,831,330,617,197,0.2784247538677918,0.11204875761837785,0.0,0.5349113705144833,True,True,3
heloc,Best XGBoost,test,isotonic,0.47,816,318,629,212,0.2703797468354431,0.09529496059230952,0.0,0.5194552529182881,True,True,4
heloc,Best XGBoost,test,isotonic,0.48,803,307,640,225,0.26309639727361245,0.07789678675754624,0.0,0.5054624363962885,True,True,5
heloc,Best XGBoost,test,isotonic,0.49,795,303,644,233,0.25513030528667163,0.05981633159592953,0.0,0.49015793087663084,True,True,5
heloc,Best XGBoost,test,isotonic,0.5,783,290,657,245,0.24962025316455694,0.04101265822784805,0.0,0.4795719844357976,True,True,3
heloc,Best XGBoost,test,isotonic,0.51,774,281,666,254,0.24381296822526483,0.02144148798760004,0.0,0.4684149924561265,True,True,5
heloc,Best XGBoost,test,isotonic,0.52,765,270,677,263,0.2392405063291139,0.001054852320675037,0.0,0.4596303501945525,True,True,4
heloc,Best XGBoost,test,isotonic,0.53,749,261,686,279,0.23021815243738217,-0.02019929975760859,0.0,0.4422965477274609,True,True,5
heloc,Best XGBoost,test,isotonic,0.54,747,259,688,281,0.22428178315905337,-0.042377545404512995,0.0,0.4308915581119946,True,True,5
heloc,Best XGBoost,test,isotonic,0.55,743,258,689,285,0.2165400843881856,-0.0655414908579468,0.0,0.416018158236057,True,True,5
heloc,Best XGBoost,test,isotonic,0.56,736,253,694,292,0.20962025316455693,-0.08975834292290008,0.0,0.40272373540856027,True,True,5
heloc,Best XGBoost,test,isotonic,0.57,721,231,716,307,0.2100206064174272,-0.11510156020017648,0.0,0.40349289657044624,True,True,4
heloc,Best XGBoost,test,isotonic,0.58,717,230,717,311,0.20221820373719113,-0.14165159734779986,0.0,0.3885028719659071,True,True,5
heloc,Best XGBoost,test,isotonic,0.59,709,216,731,319,0.2016054337758568,-0.1694967582587218,0.0,0.38732561450128133,True,True,3
heloc,Best XGBoost,test,isotonic,0.6,681,198,749,347,0.1944303797468355,-0.19873417721518982,0.0,0.3735408560311285,True,True,5
heloc,Best XGBoost,test,isotonic,0.61,673,191,756,355,0.1894969165855242,-0.22947095098993842,0.0,0.3640626558914497,True,True,3
heloc,Best XGBoost,test,isotonic,0.62,647,175,772,381,0.18302465023317788,-0.26182544970019994,0.0,0.3516280974810567,True,True,3
heloc,Best XGBoost,test,isotonic,0.63,641,172,775,387,0.17627095449880262,-0.29592884023263777,0.0,0.33865285518982025,True,True,3
heloc,Best XGBoost,test,isotonic,0.64,623,157,790,405,0.1741209563994374,-0.3319268635724333,0.0,0.3345222654561176,True,True,1
heloc,Best XGBoost,test,isotonic,0.65,612,152,795,416,0.16694394213381553,-0.36998191681736003,0.0,0.320733740967204,True,True,1
heloc,Best XGBoost,test,isotonic,0.66,595,146,801,433,0.15776619508562917,-0.4102755026061059,0.0,0.3031013962005035,True,True,1
heloc,Best XGBoost,test,isotonic,0.67,580,136,811,448,0.15386267740698117,-0.4530111238972001,0.0,0.2956019337342294,True,True,2
heloc,Best XGBoost,test,isotonic,0.68,548,129,818,480,0.13867088607594935,-0.49841772151898756,0.0,0.26641536964980544,True,True,5
heloc,Best XGBoost,test,isotonic,0.69,541,128,819,487,0.1296692527562271,-0.5467537770518576,0.0,0.24912137567465809,True,True,5
heloc,Best XGBoost,test,isotonic,0.7,515,111,836,513,0.129620253164557,-0.5983122362869198,0.0,0.2490272373540857,True,True,3
heloc,Best XGBoost,test,isotonic,0.71,502,107,840,526,0.12153644696639024,-0.6534264513312964,0.0,0.23349657855896958,True,True,5
heloc,Best XGBoost,test,isotonic,0.72,484,98,849,544,0.11746835443037976,-0.7124773960216997,0.0,0.2256809338521401,True,True,3
heloc,Best XGBoost,test,isotonic,0.73,474,94,853,554,0.11131739334270982,-0.7759024847632441,0.0,0.21386366911658747,True,True,3
heloc,Best XGBoost,test,isotonic,0.74,453,87,860,575,0.10399221032132427,-0.8442064264849074,0.0,0.19979048189164927,True,True,5
heloc,Best XGBoost,test,isotonic,0.75,436,79,868,592,0.10075949367088607,-0.9179746835443039,0.0,0.193579766536965,True,True,4
heloc,Best XGBoost,test,isotonic,0.76,404,72,875,624,0.0891139240506329,-0.9978902953586499,0.0,0.17120622568093383,True,True,5
heloc,Best XGBoost,test,isotonic,0.77,381,63,884,647,0.0861199779856907,-1.084755090809026,0.0,0.16545423786161395,True,True,3
heloc,Best XGBoost,test,isotonic,0.78,374,59,888,654,0.08345224395857306,-1.1795166858458002,0.0,0.16032897064025467,True,True,3
heloc,Best XGBoost,test,isotonic,0.79,331,47,900,697,0.0780711271850512,-1.2833031946956002,0.0,0.14999073559384837,True,True,3
heloc,Best XGBoost,test,isotonic,0.8,316,44,903,712,0.07088607594936708,-1.3974683544303803,0.0,0.13618677042801555,True,True,1
heloc,Best Scorecard,test,sigmoid,0.01,1028,947,0,0,0.5156629587009334,0.5156629587009334,0.0,0.9906948866092835,False,True,1
heloc,Best Scorecard,test,sigmoid,0.02,1028,947,0,0,0.5107207439938001,0.5107207439938001,0.0,0.9811998729452871,False,True,1
heloc,Best Scorecard,test,sigmoid,0.03,1028,947,0,0,0.505676627952499,0.505676627952499,0.0,0.9715090858036824,False,True,2
heloc,Best Scorecard,test,sigmoid,0.04,1028,947,0,0,0.5005274261603375,0.5005274261603375,0.0,0.9616164072632944,False,True,3
heloc,Best Scorecard,test,sigmoid,0.05,1028,947,0,0,0.49526982011992005,0.49526982011992005,0.0,0.9515154618062667,False,True,3
heloc,Best Scorecard,test,sigmoid,0.06,1028,947,0,0,0.48990035012119576,0.48990035012119576,0.0,0.9411996026161106,False,True,3
heloc,Best Scorecard,test,sigmoid,0.07,1028,946,1,0,0.48445351844290185,0.4844154076493807,0.0,0.9307351156855362,True,True,3
heloc,Best Scorecard,test,sigmoid,0.08,1028,944,3,0,0.47894331315354977,0.4788112272977435,0.0,0.9201488749788529,True,True,2
heloc,Best Scorecard,test,sigmoid,0.09,1026,930,17,2,0.4729225205174572,0.47308387814716923,0.0,0.908581690682858,False,True,4
heloc,Best Scorecard,test,sigmoid,0.1,1024,920,27,4,0.4667229254571027,0.4672292545710267,0.0,0.8966709900562042,False,True,4
heloc,Best Scorecard,test,sigmoid,0.11,1023,905,42,5,0.46133978096999,0.46124306642013935,0.0,0.8863288593538232,True,True,3
heloc,Best Scorecard,test,sigmoid,0.12,1022,886,61,6,0.45629459148446494,0.45512082853855,0.0,0.8766360099044925,True,True,3
heloc,Best Scorecard,test,sigmoid,0.13,1018,865,82,10,0.4499985450312818,0.44885784955623453,0.0,0.8645400062614607,True,True,2
heloc,Best Scorecard,test,sigmoid,0.14,1016,841,106,12,0.44511039152193116,0.44244921989991165,0.0,0.8551488553072122,True,True,1
heloc,Best Scorecard,test,sigmoid,0.15,1014,815,132,14,0.44059568131049887,0.43588979895755764,0.0,0.8464751659418631,True,True,1
heloc,Best Scorecard,test,sigmoid,0.16,1009,797,150,19,0.4340204942736588,0.4291742013261,0.0,0.8338428756716694,True,True,1
heloc,Best Scorecard,test,sigmoid,0.17,1004,778,169,24,0.42767119109348783,0.4222967820649687,0.0,0.8216445548731892,True,True,3
heloc,Best Scorecard,test,sigmoid,0.18,999,746,201,29,0.4229083050324174,0.41525162087063905,0.0,0.8124940685204517,True,True,1
heloc,Best Scorecard,test,sigmoid,0.19,993,723,224,35,0.41691514299109234,0.40803250507891853,0.0,0.8009799682951434,True,True,2
heloc,Best Scorecard,test,sigmoid,0.2,984,705,242,44,0.4089873417721519,0.40063291139240503,0.0,0.7857490272373542,True,True,4
heloc,Best Scorecard,test,sigmoid,0.21,980,684,263,48,0.4041403621214549,0.393045986220157,0.0,0.7764369797566862,True,True,4
heloc,Best Scorecard,test,sigmoid,0.22,978,665,282,50,0.40022070756247974,0.3852645245050308,0.0,0.7689065150154645,True,True,4
heloc,Best Scorecard,test,sigmoid,0.23,974,637,310,54,0.3968239355581128,0.37728094690120006,0.0,0.762380615493456,True,True,2
heloc,Best Scorecard,test,sigmoid,0.24,962,611,336,66,0.3893937375083278,0.36908727514990003,0.0,0.7481056727421668,True,True,4
heloc,Best Scorecard,test,sigmoid,0.25,957,597,350,71,0.3837974683544304,0.3606751054852321,0.0,0.7373540856031129,True,True,4
heloc,Best Scorecard,test,sigmoid,0.26,951,578,369,77,0.37869312350325013,0.3520355798836811,0.0,0.7275475864970029,True,True,5
heloc,Best Scorecard,test,sigmoid,0.27,943,559,388,85,0.3727830761227675,0.3431593549505808,0.0,0.7161931666755504,True,True,5
heloc,Best Scorecard,test,sigmoid,0.28,939,542,405,89,0.36872011251758086,0.33403656821378336,0.0,0.7083873757025508,True,True,5
heloc,Best Scorecard,test,sigmoid,0.29,932,526,421,96,0.3631164200392227,0.3246568015689071,0.0,0.6976215268263276,True,True,4
heloc,Best Scorecard,test,sigmoid,0.3,926,513,434,102,0.35754068716094034,0.31500904159132004,0.0,0.6869093941078378,True,True,5
heloc,Best Scorecard,test,sigmoid,0.31,921,497,450,107,0.3532709594569804,0.3050816363969913,0.0,0.6787063666610276,True,True,4
heloc,Best Scorecard,test,sigmoid,0.32,919,485,462,109,0.3497542814594192,0.2948622486969471,0.0,0.6719501029983979,True,True,3
heloc,Best Scorecard,test,sigmoid,0.33,911,471,476,117,0.3438050255053845,0.2843378046476478,0.0,0.660520355421337,True,True,3
heloc,Best Scorecard,test,sigmoid,0.34,904,460,487,124,0.33773686229382427,0.2734944380514,0.0,0.6488621624808395,True,True,4
heloc,Best Scorecard,test,sigmoid,0.35,900,449,498,128,0.3332814021421616,0.262317429406037,0.0,0.6403023046991918,True,True,4
heloc,Best Scorecard,test,sigmoid,0.36,895,439,508,133,0.328132911392405,0.2507911392405063,0.0,0.6304109922178988,True,True,4
heloc,Best Scorecard,test,sigmoid,0.37,888,423,524,140,0.3238336347197106,0.2388989351014667,0.0,0.6221511951083935,True,True,3
heloc,Best Scorecard,test,sigmoid,0.38,879,414,533,149,0.31658636178031846,0.226623111474071,0.0,0.6082276892180243,True,True,4
heloc,Best Scorecard,test,sigmoid,0.39,870,403,544,158,0.3100477277443453,0.21394480182610492,0.0,0.5956656248006634,True,True,5
heloc,Best Scorecard,test,sigmoid,0.4,861,393,554,167,0.3032911392405063,0.20084388185654,0.0,0.5826848249027238,True,True,5
heloc,Best Scorecard,test,sigmoid,0.41,852,386,561,176,0.29557605664020603,0.18729886290495606,0.0,0.5678625601793842,True,True,5
heloc,Best Scorecard,test,sigmoid,0.42,847,373,574,181,0.292099519860323,0.1732867743343518,0.0,0.5611834160740642,True,True,5
heloc,Best Scorecard,test,sigmoid,0.43,844,363,584,184,0.2886875416389074,0.1587830335332001,0.0,0.5546283022731928,True,True,5
heloc,Best Scorecard,test,sigmoid,0.44,834,349,598,194,0.28343580470162755,0.14376130198915005,0.0,0.5445386325736522,True,True,5
heloc,Best Scorecard,test,sigmoid,0.45,825,340,607,203,0.27686996547756043,0.12819332566168007,0.0,0.5319243013795544,True,True,5
heloc,Best Scorecard,test,sigmoid,0.46,818,331,616,210,0.2714111579934365,0.11204875761837785,0.0,0.5214368064562618,True,True,5
heloc,Best Scorecard,test,sigmoid,0.47,811,317,630,217,0.26829711010269885,0.09529496059230952,0.0,0.515454078261508,True,True,5
heloc,Best Scorecard,test,sigmoid,0.48,805,305,642,223,0.26504381694255114,0.07789678675754624,0.0,0.5092038311882671,True,True,4
heloc,Best Scorecard,test,sigmoid,0.49,793,296,651,235,0.25752295855050883,0.05981633159592953,0.0,0.4947547112230107,True,True,4
heloc,Best Scorecard,test,sigmoid,0.5,779,285,662,249,0.250126582278481,0.04101265822784805,0.0,0.4805447470817121,True,True,2
heloc,Best Scorecard,test,sigmoid,0.51,773,277,670,255,0.24541462154482047,0.02144148798760004,0.0,0.47149209878503934,True,True,3
heloc,Best Scorecard,test,sigmoid,0.52,758,271,676,270,0.23514767932489453,0.001054852320675037,0.0,0.4517671854734112,True,True,5
heloc,Best Scorecard,test,sigmoid,0.53,750,259,688,278,0.23186641529760302,-0.02019929975760859,0.0,0.44546320059607586,True,True,4
heloc,Best Scorecard,test,sigmoid,0.54,743,247,700,285,0.22938910291689596,-0.042377545404512995,0.0,0.440703772627305,True,True,3
heloc,Best Scorecard,test,sigmoid,0.55,734,241,706,294,0.22250351617440225,-0.0655414908579468,0.0,0.42747514051016,True,True,4
heloc,Best Scorecard,test,sigmoid,0.56,722,232,715,306,0.2160644418872267,-0.08975834292290008,0.0,0.4151043509020163,True,True,4
heloc,Best Scorecard,test,sigmoid,0.57,711,219,728,317,0.21301148071828085,-0.11510156020017648,0.0,0.4092389828974754,True,True,3
heloc,Best Scorecard,test,sigmoid,0.58,699,208,739,329,0.2084870403857746,-0.14165159734779986,0.0,0.40054659996294245,True,True,3
heloc,Best Scorecard,test,sigmoid,0.59,682,192,755,346,0.2054214263661624,-0.1694967582587218,0.0,0.3946569232229287,True,True,1
heloc,Best Scorecard,test,sigmoid,0.6,665,183,764,363,0.1977215189873418,-0.19873417721518982,0.0,0.3798638132295721,True,True,1
heloc,Best Scorecard,test,sigmoid,0.61,652,178,769,376,0.18915936384290816,-0.22947095098993842,0.0,0.3634141474608401,True,True,4
heloc,Best Scorecard,test,sigmoid,0.62,638,169,778,390,0.18342438374417053,-0.26182544970019994,0.0,0.3523960679909891,True,True,2
heloc,Best Scorecard,test,sigmoid,0.63,627,162,785,401,0.17780362641122135,-0.29592884023263777,0.0,0.3415974340098854,True,True,2
heloc,Best Scorecard,test,sigmoid,0.64,610,151,796,418,0.17293952180028127,-0.3319268635724333,0.0,0.332252485948984,True,True,2
heloc,Best Scorecard,test,sigmoid,0.65,594,146,801,434,0.16347197106690772,-0.36998191681736003,0.0,0.31406336853807665,True,True,4
heloc,Best Scorecard,test,sigmoid,0.66,577,137,810,451,0.1574981384959047,-0.4102755026061059,0.0,0.3025864042114901,True,True,2
heloc,Best Scorecard,test,sigmoid,0.67,559,126,821,469,0.1535097813578826,-0.4530111238972001,0.0,0.29492394764768304,True,True,3
heloc,Best Scorecard,test,sigmoid,0.68,540,122,825,488,0.14215189873417722,-0.49841772151898756,0.0,0.27310311284046696,True,True,3
heloc,Best Scorecard,test,sigmoid,0.69,520,111,836,508,0.13819518170681916,-0.5467537770518576,0.0,0.26550144345424886,True,True,3
heloc,Best Scorecard,test,sigmoid,0.7,505,102,845,523,0.1351898734177215,-0.5983122362869198,0.0,0.259727626459144,True,True,1
heloc,Best Scorecard,test,sigmoid,0.71,495,97,850,533,0.1303884766477521,-0.6534264513312964,0.0,0.2505031530927144,True,True,1
heloc,Best Scorecard,test,sigmoid,0.72,475,88,859,553,0.12593128390596747,-0.7124773960216997,0.0,0.2419399666481379,True,True,1
heloc,Best Scorecard,test,sigmoid,0.73,457,83,864,571,0.11776840131270513,-0.7759024847632441,0.0,0.2262573857904598,True,True,1
heloc,Best Scorecard,test,sigmoid,0.74,440,71,876,588,0.12046738072054528,-0.8442064264849074,0.0,0.2314426818317869,True,True,1
heloc,Best Scorecard,test,sigmoid,0.75,418,67,880,610,0.10987341772151898,-0.9179746835443039,0.0,0.21108949416342412,True,True,1
heloc,Best Scorecard,test,sigmoid,0.76,394,62,885,634,0.10008438818565399,-0.9978902953586499,0.0,0.19228274967574577,True,True,1
heloc,Best Scorecard,test,sigmoid,0.77,367,58,889,661,0.08750687947165658,-1.084755090809026,0.0,0.16811876163085773,True,True,2
heloc,Best Scorecard,test,sigmoid,0.78,341,54,893,687,0.07571921749136937,-1.1795166858458002,0.0,0.1454722320481075,True,True,4
heloc,Best Scorecard,test,sigmoid,0.79,319,49,898,709,0.06818565400843879,-1.2833031946956002,0.0,0.13099870298313873,True,True,4
heloc,Best Scorecard,test,sigmoid,0.8,294,43,904,734,0.06177215189873417,-1.3974683544303803,0.0,0.1186770428015564,True,True,4
heloc,SCRE-Optimized,test,weighted_sum_of_calibrated_pareto_front_probabilities_no_final_calibration,0.01,1028,947,0,0,0.5156629587009334,0.5156629587009334,0.0,0.9906948866092835,False,True,1
heloc,SCRE-Optimized,test,weighted_sum_of_calibrated_pareto_front_probabilities_no_final_calibration,0.02,1028,947,0,0,0.5107207439938001,0.5107207439938001,0.0,0.9811998729452871,False,True,1
heloc,SCRE-Optimized,test,weighted_sum_of_calibrated_pareto_front_probabilities_no_final_calibration,0.03,1028,947,0,0,0.505676627952499,0.505676627952499,0.0,0.9715090858036824,False,True,2
heloc,SCRE-Optimized,test,weighted_sum_of_calibrated_pareto_front_probabilities_no_final_calibration,0.04,1028,947,0,0,0.5005274261603375,0.5005274261603375,0.0,0.9616164072632944,False,True,3
heloc,SCRE-Optimized,test,weighted_sum_of_calibrated_pareto_front_probabilities_no_final_calibration,0.05,1028,947,0,0,0.49526982011992005,0.49526982011992005,0.0,0.9515154618062667,False,True,3
heloc,SCRE-Optimized,test,weighted_sum_of_calibrated_pareto_front_probabilities_no_final_calibration,0.06,1028,947,0,0,0.48990035012119576,0.48990035012119576,0.0,0.9411996026161106,False,True,3
heloc,SCRE-Optimized,test,weighted_sum_of_calibrated_pareto_front_probabilities_no_final_calibration,0.07,1028,947,0,0,0.4844154076493807,0.4844154076493807,0.0,0.9306618969917577,False,True,4
heloc,SCRE-Optimized,test,weighted_sum_of_calibrated_pareto_front_probabilities_no_final_calibration,0.08,1028,947,0,0,0.4788112272977435,0.4788112272977435,0.0,0.9198951108103536,False,True,4
heloc,SCRE-Optimized,test,weighted_sum_of_calibrated_pareto_front_probabilities_no_final_calibration,0.09,1028,947,0,0,0.47308387814716923,0.47308387814716923,0.0,0.9088916919656219,False,True,3
heloc,SCRE-Optimized,test,weighted_sum_of_calibrated_pareto_front_probabilities_no_final_calibration,0.1,1028,947,0,0,0.4672292545710267,0.4672292545710267,0.0,0.8976437527021185,False,True,3
heloc,SCRE-Optimized,test,weighted_sum_of_calibrated_pareto_front_probabilities_no_final_calibration,0.11,1028,947,0,0,0.46124306642013935,0.46124306642013935,0.0,0.8861430507585363,False,True,4
heloc,SCRE-Optimized,test,weighted_sum_of_calibrated_pareto_front_probabilities_no_final_calibration,0.12,1028,947,0,0,0.45512082853855,0.45512082853855,0.0,0.8743809692253272,False,True,4
heloc,SCRE-Optimized,test,weighted_sum_of_calibrated_pareto_front_probabilities_no_final_calibration,0.13,1028,942,5,0,0.44923614142295937,0.44885784955623453,0.0,0.8630752717026701,True,True,5
heloc,SCRE-Optimized,test,weighted_sum_of_calibrated_pareto_front_probabilities_no_final_calibration,0.14,1028,940,7,0,0.4430261995878716,0.44244921989991165,0.0,0.8511446927879829,True,True,4
heloc,SCRE-Optimized,test,weighted_sum_of_calibrated_pareto_front_probabilities_no_final_calibration,0.15,1028,938,9,0,0.43669396872673116,0.43588979895755764,0.0,0.838979171435111,True,True,5
heloc,SCRE-Optimized,test,weighted_sum_of_calibrated_pareto_front_probabilities_no_final_calibration,0.16,1028,926,21,0,0.4311995177817962,0.4291742013261,0.0,0.8284231980730035,True,True,5
heloc,SCRE-Optimized,test,weighted_sum_of_calibrated_pareto_front_probabilities_no_final_calibration,0.17,1028,917,30,0,0.425407960957755,0.4222967820649687,0.0,0.8172964230462706,True,True,5
heloc,SCRE-Optimized,test,weighted_sum_of_calibrated_pareto_front_probabilities_no_final_calibration,0.18,1026,912,35,2,0.4181290521765977,0.41525162087063905,0.0,0.8033121381797476,True,True,5
heloc,SCRE-Optimized,test,weighted_sum_of_calibrated_pareto_front_probabilities_no_final_calibration,0.19,1022,900,47,6,0.41057665260196907,0.40803250507891853,0.0,0.788802421098141,True,True,5
heloc,SCRE-Optimized,test,weighted_sum_of_calibrated_pareto_front_probabilities_no_final_calibration,0.2,1018,866,81,10,0.4058227848101265,0.40063291139240503,0.0,0.779669260700389,True,True,5
heloc,SCRE-Optimized,test,weighted_sum_of_calibrated_pareto_front_probabilities_no_final_calibration,0.21,1012,819,128,16,0.40217272872937027,0.393045986220157,0.0,0.7726567502339555,True,True,5
heloc,SCRE-Optimized,test,weighted_sum_of_calibrated_pareto_front_probabilities_no_final_calibration,0.22,1005,785,162,23,0.39675430055176897,0.3852645245050308,0.0,0.762246832285743,True,True,5
heloc,SCRE-Optimized,test,weighted_sum_of_calibrated_pareto_front_probabilities_no_final_calibration,0.23,998,753,194,30,0.39143185927996055,0.37728094690120006,0.0,0.7520213249785235,True,True,5
heloc,SCRE-Optimized,test,weighted_sum_of_calibrated_pareto_front_probabilities_no_final_calibration,0.24,991,713,234,37,0.38776815456362423,0.36908727514990003,0.0,0.7449825926684416,True,True,5
heloc,SCRE-Optimized,test,weighted_sum_of_calibrated_pareto_front_probabilities_no_final_calibration,0.25,986,687,260,42,0.38329113924050634,0.3606751054852321,0.0,0.7363813229571985,True,True,5
heloc,SCRE-Optimized,test,weighted_sum_of_calibrated_pareto_front_probabilities_no_final_calibration,0.26,984,667,280,44,0.3795689360246322,0.3520355798836811,0.0,0.7292302029656115,True,True,3
heloc,SCRE-Optimized,test,weighted_sum_of_calibrated_pareto_front_probabilities_no_final_calibration,0.27,975,644,303,53,0.37306745274839603,0.3431593549505808,0.0,0.7167395128191462,True,True,4
heloc,SCRE-Optimized,test,weighted_sum_of_calibrated_pareto_front_probabilities_no_final_calibration,0.28,969,608,339,59,0.3709142053445851,0.33403656821378336,0.0,0.7126026805015132,True,True,2
heloc,SCRE-Optimized,test,weighted_sum_of_calibrated_pareto_front_probabilities_no_final_calibration,0.29,957,594,353,71,0.3617115350329827,0.3246568015689071,0.0,0.6949224530059736,True,True,5
heloc,SCRE-Optimized,test,weighted_sum_of_calibrated_pareto_front_probabilities_no_final_calibration,0.3,954,575,372,74,0.3582640144665461,0.31500904159132004,0.0,0.6882990550305725,True,True,4
heloc,SCRE-Optimized,test,weighted_sum_of_calibrated_pareto_front_probabilities_no_final_calibration,0.31,952,567,380,76,0.35304347826086957,0.3050816363969913,0.0,0.6782693283708341,True,True,5
heloc,SCRE-Optimized,test,weighted_sum_of_calibrated_pareto_front_probabilities_no_final_calibration,0.32,949,556,391,79,0.3480268056589724,0.2948622486969471,0.0,0.6686312657358663,True,True,5
heloc,SCRE-Optimized,test,weighted_sum_of_calibrated_pareto_front_probabilities_no_final_calibration,0.33,939,536,411,89,0.34177215189873417,0.2843378046476478,0.0,0.6566147859922179,True,True,5
heloc,SCRE-Optimized,test,weighted_sum_of_calibrated_pareto_front_probabilities_no_final_calibration,0.34,935,523,424,93,0.33700038358266204,0.2734944380514,0.0,0.6474472349958731,True,True,5
heloc,SCRE-Optimized,test,weighted_sum_of_calibrated_pareto_front_probabilities_no_final_calibration,0.35,931,511,436,97,0.3320740019474197,0.262317429406037,0.0,0.6379826399281653,True,True,5
heloc,SCRE-Optimized,test,weighted_sum_of_calibrated_pareto_front_probabilities_no_final_calibration,0.36,926,495,452,102,0.3278797468354431,0.2507911392405063,0.0,0.6299246108949418,True,True,5
heloc,SCRE-Optimized,test,weighted_sum_of_calibrated_pareto_front_probabilities_no_final_calibration,0.37,918,478,469,110,0.3226682740606791,0.2388989351014667,0.0,0.6199122969550985,True,True,5
heloc,SCRE-Optimized,test,weighted_sum_of_calibrated_pareto_front_probabilities_no_final_calibration,0.38,905,467,480,123,0.3133033891384238,0.226623111474071,0.0,0.6019204217396761,True,True,5
heloc,SCRE-Optimized,test,weighted_sum_of_calibrated_pareto_front_probabilities_no_final_calibration,0.39,898,440,507,130,0.3122473542228678,0.21394480182610492,0.0,0.5998915608853735,True,True,4
heloc,SCRE-Optimized,test,weighted_sum_of_calibrated_pareto_front_probabilities_no_final_calibration,0.4,893,426,521,135,0.30835443037974686,0.20084388185654,0.0,0.5924124513618678,True,True,4
heloc,SCRE-Optimized,test,weighted_sum_of_calibrated_pareto_front_probabilities_no_final_calibration,0.41,884,405,542,144,0.3050933276121004,0.18729886290495606,0.0,0.58614720042208,True,True,3
heloc,SCRE-Optimized,test,weighted_sum_of_calibrated_pareto_front_probabilities_no_final_calibration,0.42,877,385,562,151,0.3028895678742907,0.1732867743343518,0.0,0.5819133234938951,True,True,3
heloc,SCRE-Optimized,test,weighted_sum_of_calibrated_pareto_front_probabilities_no_final_calibration,0.43,866,370,577,162,0.2971530091050411,0.1587830335332001,0.0,0.5708922110724283,True,True,2
heloc,SCRE-Optimized,test,weighted_sum_of_calibrated_pareto_front_probabilities_no_final_calibration,0.44,857,356,591,171,0.29229656419529837,0.14376130198915005,0.0,0.561561978877154,True,True,1
heloc,SCRE-Optimized,test,weighted_sum_of_calibrated_pareto_front_probabilities_no_final_calibration,0.45,841,338,609,187,0.2857997698504028,0.12819332566168007,0.0,0.5490802971347719,True,True,1
heloc,SCRE-Optimized,test,weighted_sum_of_calibrated_pareto_front_probabilities_no_final_calibration,0.46,827,326,621,201,0.27812470698546643,0.11204875761837785,0.0,0.5343349185761637,True,True,4
heloc,SCRE-Optimized,test,weighted_sum_of_calibrated_pareto_front_probabilities_no_final_calibration,0.47,815,310,637,213,0.27346548841652735,0.09529496059230952,0.0,0.5253835988547096,True,True,2
heloc,SCRE-Optimized,test,weighted_sum_of_calibrated_pareto_front_probabilities_no_final_calibration,0.48,804,301,646,224,0.2664070107108082,0.07789678675754624,0.0,0.511822807542652,True,True,3
heloc,SCRE-Optimized,test,weighted_sum_of_calibrated_pareto_front_probabilities_no_final_calibration,0.49,786,286,661,242,0.25884338545544805,0.05981633159592953,0.0,0.4972915236133365,True,True,2
heloc,SCRE-Optimized,test,weighted_sum_of_calibrated_pareto_front_probabilities_no_final_calibration,0.5,777,274,673,251,0.25468354430379747,0.04101265822784805,0.0,0.4892996108949417,True,True,1
heloc,SCRE-Optimized,test,weighted_sum_of_calibrated_pareto_front_probabilities_no_final_calibration,0.51,770,267,680,258,0.24916559028674765,0.02144148798760004,0.0,0.47869848328436443,True,True,1
heloc,SCRE-Optimized,test,weighted_sum_of_calibrated_pareto_front_probabilities_no_final_calibration,0.52,763,263,684,265,0.24206751054852318,0.001054852320675037,0.0,0.46506160830090787,True,True,3
heloc,SCRE-Optimized,test,weighted_sum_of_calibrated_pareto_front_probabilities_no_final_calibration,0.53,756,259,688,272,0.2349043899811473,-0.02019929975760859,0.0,0.45129977647156216,True,True,3
heloc,SCRE-Optimized,test,weighted_sum_of_calibrated_pareto_front_probabilities_no_final_calibration,0.54,750,255,692,278,0.2281783159053385,-0.042377545404512995,0.0,0.43837760108272716,True,True,4
heloc,SCRE-Optimized,test,weighted_sum_of_calibrated_pareto_front_probabilities_no_final_calibration,0.55,747,248,699,281,0.22475386779184242,-0.0655414908579468,0.0,0.4317985300475572,True,True,3
heloc,SCRE-Optimized,test,weighted_sum_of_calibrated_pareto_front_probabilities_no_final_calibration,0.56,738,239,708,290,0.2196547756041427,-0.08975834292290008,0.0,0.4220021223912275,True,True,2
heloc,SCRE-Optimized,test,weighted_sum_of_calibrated_pareto_front_probabilities_no_final_calibration,0.57,720,222,725,308,0.21555490138357378,-0.11510156020017648,0.0,0.4141254185141617,True,True,2
heloc,SCRE-Optimized,test,weighted_sum_of_calibrated_pareto_front_probabilities_no_final_calibration,0.58,704,205,742,324,0.21311633514165162,-0.14165159734779986,0.0,0.4094404298684455,True,True,1
heloc,SCRE-Optimized,test,weighted_sum_of_calibrated_pareto_front_probabilities_no_final_calibration,0.59,675,195,752,353,0.19969126273541218,-0.1694967582587218,0.0,0.38364809718136095,True,True,4
heloc,SCRE-Optimized,test,weighted_sum_of_calibrated_pareto_front_probabilities_no_final_calibration,0.6,660,183,764,368,0.19518987341772154,-0.19873417721518982,0.0,0.37500000000000006,True,True,3
heloc,SCRE-Optimized,test,weighted_sum_of_calibrated_pareto_front_probabilities_no_final_calibration,0.61,639,167,780,389,0.19128854268094775,-0.22947095098993842,0.0,0.36750473910006987,True,True,2
heloc,SCRE-Optimized,test,weighted_sum_of_calibrated_pareto_front_probabilities_no_final_calibration,0.62,615,157,790,413,0.18169220519653564,-0.26182544970019994,0.0,0.349068195781282,True,True,4
heloc,SCRE-Optimized,test,weighted_sum_of_calibrated_pareto_front_probabilities_no_final_calibration,0.63,592,151,796,436,0.16956551488197058,-0.29592884023263777,0.0,0.32577032285203494,True,True,5
heloc,SCRE-Optimized,test,weighted_sum_of_calibrated_pareto_front_probabilities_no_final_calibration,0.64,572,137,810,456,0.16630098452883263,-0.3319268635724333,0.0,0.31949848681366194,True,True,4
heloc,SCRE-Optimized,test,weighted_sum_of_calibrated_pareto_front_probabilities_no_final_calibration,0.65,554,124,823,474,0.1639059674502712,-0.36998191681736003,0.0,0.31489716509171756,True,True,3
heloc,SCRE-Optimized,test,weighted_sum_of_calibrated_pareto_front_probabilities_no_final_calibration,0.66,537,119,828,491,0.15493670886075944,-0.4102755026061059,0.0,0.2976653696498054,True,True,4
heloc,SCRE-Optimized,test,weighted_sum_of_calibrated_pareto_front_probabilities_no_final_calibration,0.67,521,106,841,507,0.15482930571538162,-0.4530111238972001,0.0,0.29745902605824776,True,True,1
heloc,SCRE-Optimized,test,weighted_sum_of_calibrated_pareto_front_probabilities_no_final_calibration,0.68,501,100,847,527,0.14607594936708856,-0.49841772151898756,0.0,0.28064202334630345,True,True,2
heloc,SCRE-Optimized,test,weighted_sum_of_calibrated_pareto_front_probabilities_no_final_calibration,0.69,483,94,853,545,0.13861984483462642,-0.5467537770518576,0.0,0.26631730889920935,True,True,2
heloc,SCRE-Optimized,test,weighted_sum_of_calibrated_pareto_front_probabilities_no_final_calibration,0.7,456,88,859,572,0.1269198312236287,-0.5983122362869198,0.0,0.24383916990920887,True,True,5
heloc,SCRE-Optimized,test,weighted_sum_of_calibrated_pareto_front_probabilities_no_final_calibration,0.71,436,80,867,592,0.12158882584024444,-0.6534264513312964,0.0,0.23359720917751242,True,True,4
heloc,SCRE-Optimized,test,weighted_sum_of_calibrated_pareto_front_probabilities_no_final_calibration,0.72,417,74,873,611,0.11479204339963835,-0.7124773960216997,0.0,0.22053918843802114,True,True,5
heloc,SCRE-Optimized,test,weighted_sum_of_calibrated_pareto_front_probabilities_no_final_calibration,0.73,392,65,882,636,0.10949835911861229,-0.7759024847632441,0.0,0.21036892924052458,True,True,5
heloc,SCRE-Optimized,test,weighted_sum_of_calibrated_pareto_front_probabilities_no_final_calibration,0.74,364,54,893,664,0.10648490749756574,-0.8442064264849074,0.0,0.20457946722538167,True,True,3
heloc,SCRE-Optimized,test,weighted_sum_of_calibrated_pareto_front_probabilities_no_final_calibration,0.75,330,43,904,698,0.10177215189873418,-0.9179746835443039,0.0,0.19552529182879377,True,True,3
heloc,SCRE-Optimized,test,weighted_sum_of_calibrated_pareto_front_probabilities_no_final_calibration,0.76,293,34,913,735,0.09383966244725736,-0.9978902953586499,0.0,0.1802853437094682,True,True,3
heloc,SCRE-Optimized,test,weighted_sum_of_calibrated_pareto_front_probabilities_no_final_calibration,0.77,246,29,918,782,0.07539900935608145,-1.084755090809026,0.0,0.14485704618507866,True,True,5
heloc,SCRE-Optimized,test,weighted_sum_of_calibrated_pareto_front_probabilities_no_final_calibration,0.78,213,20,927,815,0.07194476409666282,-1.1795166858458002,0.0,0.13822072868765475,True,True,5
heloc,SCRE-Optimized,test,weighted_sum_of_calibrated_pareto_front_probabilities_no_final_calibration,0.79,187,17,930,841,0.062302591922845076,-1.2833031946956002,0.0,0.11969612747822862,True,True,5
heloc,SCRE-Optimized,test,weighted_sum_of_calibrated_pareto_front_probabilities_no_final_calibration,0.8,160,13,934,868,0.05468354430379746,-1.3974683544303803,0.0,0.10505836575875485,True,True,5
heloc,SCRE-Pareto,test,weighted_sum_of_calibrated_pareto_front_probabilities,0.01,1028,947,0,0,0.5156629587009334,0.5156629587009334,0.0,0.9906948866092835,False,True,1
heloc,SCRE-Pareto,test,weighted_sum_of_calibrated_pareto_front_probabilities,0.02,1028,947,0,0,0.5107207439938001,0.5107207439938001,0.0,0.9811998729452871,False,True,1
heloc,SCRE-Pareto,test,weighted_sum_of_calibrated_pareto_front_probabilities,0.03,1028,947,0,0,0.505676627952499,0.505676627952499,0.0,0.9715090858036824,False,True,2
heloc,SCRE-Pareto,test,weighted_sum_of_calibrated_pareto_front_probabilities,0.04,1028,947,0,0,0.5005274261603375,0.5005274261603375,0.0,0.9616164072632944,False,True,3
heloc,SCRE-Pareto,test,weighted_sum_of_calibrated_pareto_front_probabilities,0.05,1028,947,0,0,0.49526982011992005,0.49526982011992005,0.0,0.9515154618062667,False,True,3
heloc,SCRE-Pareto,test,weighted_sum_of_calibrated_pareto_front_probabilities,0.06,1028,947,0,0,0.48990035012119576,0.48990035012119576,0.0,0.9411996026161106,False,True,3
heloc,SCRE-Pareto,test,weighted_sum_of_calibrated_pareto_front_probabilities,0.07,1028,947,0,0,0.4844154076493807,0.4844154076493807,0.0,0.9306618969917577,False,True,4
heloc,SCRE-Pareto,test,weighted_sum_of_calibrated_pareto_front_probabilities,0.08,1028,946,1,0,0.4788552559163456,0.4788112272977435,0.0,0.91997969886652,True,True,3
heloc,SCRE-Pareto,test,weighted_sum_of_calibrated_pareto_front_probabilities,0.09,1028,939,8,0,0.4734844901933509,0.47308387814716923,0.0,0.9096613503228289,True,True,2
heloc,SCRE-Pareto,test,weighted_sum_of_calibrated_pareto_front_probabilities,0.1,1028,937,10,0,0.46779184247538674,0.4672292545710267,0.0,0.8987246000864678,True,True,2
heloc,SCRE-Pareto,test,weighted_sum_of_calibrated_pareto_front_probabilities,0.11,1028,931,16,0,0.4622443464656521,0.46124306642013935,0.0,0.8880667162156254,True,True,2
heloc,SCRE-Pareto,test,weighted_sum_of_calibrated_pareto_front_probabilities,0.12,1028,916,31,0,0.4572612197928653,0.45512082853855,0.0,0.8784931022285107,True,True,1
heloc,SCRE-Pareto,test,weighted_sum_of_calibrated_pareto_front_probabilities,0.13,1023,908,39,5,0.4492768805470682,0.44885784955623453,0.0,0.8631535399615368,True,True,4
heloc,SCRE-Pareto,test,weighted_sum_of_calibrated_pareto_front_probabilities,0.14,1018,897,50,10,0.44150721224609946,0.44244921989991165,0.0,0.8482264048502397,False,True,5
heloc,SCRE-Pareto,test,weighted_sum_of_calibrated_pareto_front_probabilities,0.15,1016,858,89,12,0.4377661950856292,0.43588979895755764,0.0,0.841039139391165,True,True,3
heloc,SCRE-Pareto,test,weighted_sum_of_calibrated_pareto_front_probabilities,0.16,1011,829,118,17,0.4319469559975889,0.4291742013261,0.0,0.8298591810264963,True,True,4
heloc,SCRE-Pareto,test,weighted_sum_of_calibrated_pareto_front_probabilities,0.17,1011,805,142,17,0.4284154338874485,0.4222967820649687,0.0,0.8230743987623647,True,True,1
heloc,SCRE-Pareto,test,weighted_sum_of_calibrated_pareto_front_probabilities,0.18,1004,774,173,24,0.42232787897499224,0.41525162087063905,0.0,0.8113789503653791,True,True,3
heloc,SCRE-Pareto,test,weighted_sum_of_calibrated_pareto_front_probabilities,0.19,996,744,203,32,0.4159399906235349,0.40803250507891853,0.0,0.7991064994956046,True,True,4
heloc,SCRE-Pareto,test,weighted_sum_of_calibrated_pareto_front_probabilities,0.2,990,713,234,38,0.4110126582278481,0.40063291139240503,0.0,0.7896400778210118,True,True,3
heloc,SCRE-Pareto,test,weighted_sum_of_calibrated_pareto_front_probabilities,0.21,989,690,257,39,0.407889761256209,0.393045986220157,0.0,0.7836403487169386,True,True,3
heloc,SCRE-Pareto,test,weighted_sum_of_calibrated_pareto_front_probabilities,0.22,983,671,276,45,0.401895488477767,0.3852645245050308,0.0,0.772124114536566,True,True,3
heloc,SCRE-Pareto,test,weighted_sum_of_calibrated_pareto_front_probabilities,0.23,979,649,298,49,0.3975406871609404,0.37728094690120006,0.0,0.7637576431350752,True,True,1
heloc,SCRE-Pareto,test,weighted_sum_of_calibrated_pareto_front_probabilities,0.24,972,625,322,56,0.3922185209860093,0.36908727514990003,0.0,0.7535326643456891,True,True,1
heloc,SCRE-Pareto,test,weighted_sum_of_calibrated_pareto_front_probabilities,0.25,964,604,343,64,0.3861603375527426,0.3606751054852321,0.0,0.74189364461738,True,True,1
heloc,SCRE-Pareto,test,weighted_sum_of_calibrated_pareto_front_probabilities,0.26,958,590,357,70,0.38010263427984947,0.3520355798836811,0.0,0.7302555473761699,True,True,2
heloc,SCRE-Pareto,test,weighted_sum_of_calibrated_pareto_front_probabilities,0.27,954,575,372,74,0.3753563377839431,0.3431593549505808,0.0,0.7211369329993071,True,True,1
heloc,SCRE-Pareto,test,weighted_sum_of_calibrated_pareto_front_probabilities,0.28,950,558,389,78,0.3711392405063291,0.33403656821378336,0.0,0.7130350194552529,True,True,1
heloc,SCRE-Pareto,test,weighted_sum_of_calibrated_pareto_front_probabilities,0.29,944,544,403,84,0.36546978070957387,0.3246568015689071,0.0,0.702142817997479,True,True,3
heloc,SCRE-Pareto,test,weighted_sum_of_calibrated_pareto_front_probabilities,0.3,938,530,417,90,0.3599276672694394,0.31500904159132004,0.0,0.6914952751528627,True,True,3
heloc,SCRE-Pareto,test,weighted_sum_of_calibrated_pareto_front_probabilities,0.31,935,518,429,93,0.35558246193359017,0.3050816363969913,0.0,0.6831472396097671,True,True,2
heloc,SCRE-Pareto,test,weighted_sum_of_calibrated_pareto_front_probabilities,0.32,930,505,442,98,0.3505584512285927,0.2948622486969471,0.0,0.6734950789654384,True,True,1
heloc,SCRE-Pareto,test,weighted_sum_of_calibrated_pareto_front_probabilities,0.33,923,490,457,105,0.3451426412242585,0.2843378046476478,0.0,0.6630901910680064,True,True,2
heloc,SCRE-Pareto,test,weighted_sum_of_calibrated_pareto_front_probabilities,0.34,914,478,469,114,0.33810510164940544,0.2734944380514,0.0,0.6495696262233227,True,True,3
heloc,SCRE-Pareto,test,weighted_sum_of_calibrated_pareto_front_probabilities,0.35,911,468,479,117,0.3336708860759494,0.262317429406037,0.0,0.6410505836575877,True,True,2
heloc,SCRE-Pareto,test,weighted_sum_of_calibrated_pareto_front_probabilities,0.36,907,458,489,121,0.3287974683544304,0.2507911392405063,0.0,0.6316877431906616,True,True,3
heloc,SCRE-Pareto,test,weighted_sum_of_calibrated_pareto_front_probabilities,0.37,897,442,505,131,0.3227406067912397,0.2388989351014667,0.0,0.6200512630473721,True,True,4
heloc,SCRE-Pareto,test,weighted_sum_of_calibrated_pareto_front_probabilities,0.38,890,414,533,138,0.32215598203348306,0.226623111474071,0.0,0.6189280783230827,True,True,3
heloc,SCRE-Pareto,test,weighted_sum_of_calibrated_pareto_front_probabilities,0.39,885,402,545,143,0.31796638306702635,0.21394480182610492,0.0,0.6108789947056197,True,True,2
heloc,SCRE-Pareto,test,weighted_sum_of_calibrated_pareto_front_probabilities,0.4,875,391,556,153,0.3110548523206751,0.20084388185654,0.0,0.5976005188067445,True,True,3
heloc,SCRE-Pareto,test,weighted_sum_of_calibrated_pareto_front_probabilities,0.41,867,381,566,161,0.30493027247371807,0.18729886290495606,0.0,0.5858339378750906,True,True,4
heloc,SCRE-Pareto,test,weighted_sum_of_calibrated_pareto_front_probabilities,0.42,860,364,583,168,0.301981667394151,0.1732867743343518,0.0,0.580169059439152,True,True,4
heloc,SCRE-Pareto,test,weighted_sum_of_calibrated_pareto_front_probabilities,0.43,850,345,602,178,0.29860093271152566,0.1587830335332001,0.0,0.5736739709195168,True,True,1
heloc,SCRE-Pareto,test,weighted_sum_of_calibrated_pareto_front_probabilities,0.44,837,337,610,191,0.28972875226039785,0.14376130198915005,0.0,0.5566286826014453,True,True,3
heloc,SCRE-Pareto,test,weighted_sum_of_calibrated_pareto_front_probabilities,0.45,829,329,618,199,0.2834522439585731,0.12819332566168007,0.0,0.5445702157764415,True,True,3
heloc,SCRE-Pareto,test,weighted_sum_of_calibrated_pareto_front_probabilities,0.46,822,318,629,206,0.2790436005625879,0.11204875761837785,0.0,0.5361003026372677,True,True,1
heloc,SCRE-Pareto,test,weighted_sum_of_calibrated_pareto_front_probabilities,0.47,814,310,637,214,0.27295915930260334,0.09529496059230952,0.0,0.5244108362087954,True,True,3
heloc,SCRE-Pareto,test,weighted_sum_of_calibrated_pareto_front_probabilities,0.48,799,295,652,229,0.2666796494644596,0.07789678675754624,0.0,0.512346602813529,True,True,2
heloc,SCRE-Pareto,test,weighted_sum_of_calibrated_pareto_front_probabilities,0.49,787,288,659,241,0.25837676842889057,0.05981633159592953,0.0,0.49639505607690554,True,True,3
heloc,SCRE-Pareto,test,weighted_sum_of_calibrated_pareto_front_probabilities,0.5,774,283,664,254,0.2486075949367089,0.04101265822784805,0.0,0.47762645914396895,True,True,4
heloc,SCRE-Pareto,test,weighted_sum_of_calibrated_pareto_front_probabilities,0.51,766,273,674,262,0.24397830018083186,0.02144148798760004,0.0,0.46873262923846587,True,True,4
heloc,SCRE-Pareto,test,weighted_sum_of_calibrated_pareto_front_probabilities,0.52,761,261,686,267,0.24215189873417722,0.001054852320675037,0.0,0.4652237354085603,True,True,2
heloc,SCRE-Pareto,test,weighted_sum_of_calibrated_pareto_front_probabilities,0.53,757,257,690,271,0.23655265284136817,-0.02019929975760859,0.0,0.4544664293401772,True,True,2
heloc,SCRE-Pareto,test,weighted_sum_of_calibrated_pareto_front_probabilities,0.54,754,254,693,274,0.2307980187121629,-0.042377545404512995,0.0,0.44341059042463205,True,True,2
heloc,SCRE-Pareto,test,weighted_sum_of_calibrated_pareto_front_probabilities,0.55,746,242,705,282,0.2279606188466948,-0.0655414908579468,0.0,0.4379593601383485,True,True,2
heloc,SCRE-Pareto,test,weighted_sum_of_calibrated_pareto_front_probabilities,0.56,734,229,718,294,0.22407364787111622,-0.08975834292290008,0.0,0.4304916873010258,True,True,1
heloc,SCRE-Pareto,test,weighted_sum_of_calibrated_pareto_front_probabilities,0.57,722,222,725,306,0.2165675596114219,-0.11510156020017648,0.0,0.4160709438059905,True,True,1
heloc,SCRE-Pareto,test,weighted_sum_of_calibrated_pareto_front_probabilities,0.58,713,213,734,315,0.2120795660036167,-0.14165159734779986,0.0,0.4074485825458589,True,True,2
heloc,SCRE-Pareto,test,weighted_sum_of_calibrated_pareto_front_probabilities,0.59,698,208,739,330,0.20186477307811054,-0.1694967582587218,0.0,0.387823858783335,True,True,2
heloc,SCRE-Pareto,test,weighted_sum_of_calibrated_pareto_front_probabilities,0.6,683,195,752,345,0.19772151898734178,-0.19873417721518982,0.0,0.379863813229572,True,True,2
heloc,SCRE-Pareto,test,weighted_sum_of_calibrated_pareto_front_probabilities,0.61,673,188,759,355,0.19187276858162935,-0.22947095098993842,0.0,0.3686271575376634,True,True,1
heloc,SCRE-Pareto,test,weighted_sum_of_calibrated_pareto_front_probabilities,0.62,649,171,776,379,0.18734177215189876,-0.26182544970019994,0.0,0.3599221789883269,True,True,1
heloc,SCRE-Pareto,test,weighted_sum_of_calibrated_pareto_front_probabilities,0.63,633,163,784,395,0.17997947314403012,-0.29592884023263777,0.0,0.3457776842990851,True,True,1
heloc,SCRE-Pareto,test,weighted_sum_of_calibrated_pareto_front_probabilities,0.64,615,154,793,413,0.17277074542897325,-0.3319268635724333,0.0,0.3319282317336792,True,True,3
heloc,SCRE-Pareto,test,weighted_sum_of_calibrated_pareto_front_probabilities,0.65,597,146,801,431,0.16499095840867992,-0.36998191681736003,0.0,0.3169816564758199,True,True,2
heloc,SCRE-Pareto,test,weighted_sum_of_calibrated_pareto_front_probabilities,0.66,572,136,811,456,0.1559493670886076,-0.4102755026061059,0.0,0.2996108949416343,True,True,3
heloc,SCRE-Pareto,test,weighted_sum_of_calibrated_pareto_front_probabilities,0.67,559,129,818,469,0.15042577675489063,-0.4530111238972001,0.0,0.2889989388043862,True,True,4
heloc,SCRE-Pareto,test,weighted_sum_of_calibrated_pareto_front_probabilities,0.68,547,118,829,481,0.14999999999999997,-0.49841772151898756,0.0,0.28818093385214005,True,True,1
heloc,SCRE-Pareto,test,weighted_sum_of_calibrated_pareto_front_probabilities,0.69,529,108,839,499,0.14613311555737035,-0.5467537770518576,0.0,0.2807518513869713,True,True,1
heloc,SCRE-Pareto,test,weighted_sum_of_calibrated_pareto_front_probabilities,0.7,502,101,846,526,0.1348523206751055,-0.5983122362869198,0.0,0.2590791180285344,True,True,2
heloc,SCRE-Pareto,test,weighted_sum_of_calibrated_pareto_front_probabilities,0.71,481,94,853,547,0.12701876909646442,-0.6534264513312964,0.0,0.24402924996645647,True,True,2
heloc,SCRE-Pareto,test,weighted_sum_of_calibrated_pareto_front_probabilities,0.72,461,84,863,567,0.12405063291139241,-0.7124773960216997,0.0,0.23832684824902728,True,True,2
heloc,SCRE-Pareto,test,weighted_sum_of_calibrated_pareto_front_probabilities,0.73,445,80,867,583,0.11579934364744493,-0.7759024847632441,0.0,0.22247441994523712,True,True,2
heloc,SCRE-Pareto,test,weighted_sum_of_calibrated_pareto_front_probabilities,0.74,423,76,871,605,0.10465433300876341,-0.8442064264849074,0.0,0.20106255612092191,True,True,4
heloc,SCRE-Pareto,test,weighted_sum_of_calibrated_pareto_front_probabilities,0.75,404,69,878,624,0.09974683544303797,-0.9179746835443039,0.0,0.1916342412451362,True,True,5
heloc,SCRE-Pareto,test,weighted_sum_of_calibrated_pareto_front_probabilities,0.76,381,64,883,647,0.09029535864978902,-0.9978902953586499,0.0,0.17347600518806744,True,True,4
heloc,SCRE-Pareto,test,weighted_sum_of_calibrated_pareto_front_probabilities,0.77,357,52,895,671,0.09261419922949915,-1.084755090809026,0.0,0.17793097614616812,True,True,1
heloc,SCRE-Pareto,test,weighted_sum_of_calibrated_pareto_front_probabilities,0.78,338,45,902,690,0.09035673187571922,-1.1795166858458002,0.0,0.17359391581181466,True,True,1
heloc,SCRE-Pareto,test,weighted_sum_of_calibrated_pareto_front_probabilities,0.79,312,40,907,716,0.08178420735382759,-1.2833031946956002,0.0,0.15712432833055398,True,True,1
heloc,SCRE-Pareto,test,weighted_sum_of_calibrated_pareto_front_probabilities,0.8,280,36,911,748,0.06886075949367088,-1.3974683544303803,0.0,0.13229571984435795,True,True,3
