dataset,split,model,policy_type,capacity_pct,review_count,total_defaults,defaults_captured_in_review,default_capture_rate,precision_at_k,recall_at_k,lift_at_k,nondefaults_reviewed,false_alarm_count,manual_review_rate,auto_decision_rate,low_risk_default_count,low_risk_default_rate,high_risk_count,high_risk_precision,t_low,t_high,review_adjusted_cost,random_expected_defaults_captured,oracle_defaults_captured,oracle_capture_rate,net_value_vs_random,net_value_vs_v2,selection_role,test_set_used_for_selection,candidate_note,comment,locked_from_validation_model,locked_from_validation_policy_type,locked_from_validation_capacity_pct
heloc,validation,V2 final locked policy ranking,top_k_review,0.05,99,1027,88,0.08568646543330087,0.8888888888888888,0.08568646543330087,1.7085361895488478,11,11,0.05015197568389058,0.9498480243161094,939,0.5008,0,,,,4744.5,51.506079027355625,99,0.09639727361246349,182.46960486322132,-4015.5,validation_candidate,False,same probability ranker as V2 locked manual-review policy,Top-K review only; no automatic high-risk rejection bucket.,,,
heloc,validation,V2 final locked policy ranking,three_bucket_capacity_band,0.05,99,1027,21,0.02044790652385589,0.21212121212121213,0.02044790652385589,0.40771886341506597,78,803,0.05015197568389058,0.9498480243161094,13,0.08280254777070063,1718,0.5779976717112922,0.15892558723404684,0.18904369563174528,839.5,51.506079027355625,99,0.09639727361246349,4087.4696048632213,-110.5,validation_candidate,False,same probability ranker as V2 locked manual-review policy,Three-bucket band; high-risk bucket cost included separately from manual review.,,,
heloc,validation,V2 final locked policy ranking,top_k_review,0.1,198,1027,169,0.16455696202531644,0.8535353535353535,0.16455696202531644,1.6405830456463368,29,29,0.10030395136778116,0.8996960486322189,858,0.4831081081081081,0,,,,4389.0,103.01215805471125,198,0.19279454722492698,329.93920972644355,-3660.0,validation_candidate,False,same probability ranker as V2 locked manual-review policy,Top-K review only; no automatic high-risk rejection bucket.,,,
heloc,validation,V2 final locked policy ranking,three_bucket_capacity_band,0.1,198,1027,36,0.035053554040895815,0.18181818181818182,0.035053554040895815,0.349473311498628,162,803,0.10030395136778116,0.8996960486322189,13,0.08280254777070063,1619,0.6040765904879555,0.15892558723404684,0.22047201673614972,805.0,103.01215805471125,198,0.19279454722492698,3913.9392097264436,-76.0,validation_candidate,False,same probability ranker as V2 locked manual-review policy,Three-bucket band; high-risk bucket cost included separately from manual review.,,,
heloc,validation,V2 final locked policy ranking,top_k_review,0.15,297,1027,257,0.25024342745861733,0.8653198653198653,0.25024342745861733,1.6632340936138406,40,40,0.15045592705167174,0.8495440729483282,770,0.45915324985092426,0,,,,3998.5,154.51823708206686,297,0.2891918208373905,512.4088145896658,-3269.5,validation_candidate,False,same probability ranker as V2 locked manual-review policy,Top-K review only; no automatic high-risk rejection bucket.,,,
heloc,validation,V2 final locked policy ranking,three_bucket_capacity_band,0.15,297,1027,60,0.05842259006815969,0.20202020202020202,0.05842259006815969,0.38830367944292,237,803,0.15045592705167174,0.8495440729483282,13,0.08280254777070063,1520,0.6276315789473684,0.15892558723404684,0.25825435471696584,779.5,154.51823708206686,297,0.2891918208373905,3731.408814589666,-50.5,validation_candidate,False,same probability ranker as V2 locked manual-review policy,Three-bucket band; high-risk bucket cost included separately from manual review.,,,
heloc,validation,V2 final locked policy ranking,top_k_review,0.2,395,1027,337,0.3281402142161636,0.8531645569620253,0.3281402142161636,1.6398703363612834,58,58,0.2001013171225937,0.7998986828774063,690,0.4369854338188727,0,,,,3647.5,205.50405268490374,395,0.38461538461538464,657.4797365754812,-2918.5,validation_candidate,False,same probability ranker as V2 locked manual-review policy,Top-K review only; no automatic high-risk rejection bucket.,,,
heloc,validation,V2 final locked policy ranking,three_bucket_capacity_band,0.2,395,1027,85,0.0827653359298929,0.21518987341772153,0.0827653359298929,0.41361714715343945,310,803,0.2001013171225937,0.7998986828774063,13,0.08280254777070063,1422,0.6533052039381153,0.15892558723404684,0.29641255047874554,755.5,205.50405268490374,395,0.38461538461538464,3549.479736575481,-26.5,validation_candidate,False,same probability ranker as V2 locked manual-review policy,Three-bucket band; high-risk bucket cost included separately from manual review.,,,
heloc,validation,V2 final locked policy ranking,top_k_review,0.25,494,1027,420,0.4089581304771178,0.8502024291497976,0.4089581304771178,1.6341768209753658,74,74,0.2502532928064843,0.7497467071935157,607,0.4101351351351351,0,,,,3282.0,257.01013171225935,494,0.4810126582278481,814.9493414387034,-2553.0,validation_candidate,False,same probability ranker as V2 locked manual-review policy,Top-K review only; no automatic high-risk rejection bucket.,,,
heloc,validation,V2 final locked policy ranking,three_bucket_capacity_band,0.25,494,1027,119,0.11587147030185005,0.2408906882591093,0.11587147030185005,0.46301676594302027,375,803,0.2502532928064843,0.7497467071935157,13,0.08280254777070063,1323,0.6764928193499622,0.15892558723404684,0.34292413360787627,740.0,257.01013171225935,494,0.4810126582278481,3356.9493414387034,-11.0,validation_candidate,False,same probability ranker as V2 locked manual-review policy,Three-bucket band; high-risk bucket cost included separately from manual review.,,,
heloc,validation,V2 final locked policy ranking,top_k_review,0.3,593,1027,498,0.48490749756572543,0.8397976391231029,0.48490749756572543,1.6141777406319429,95,95,0.30040526849037485,0.6995947315096251,529,0.38305575669804487,0,,,,2941.5,308.516210739615,593,0.5774099318403116,947.4189463019252,-2212.5,validation_candidate,False,same probability ranker as V2 locked manual-review policy,Top-K review only; no automatic high-risk rejection bucket.,,,
heloc,validation,V2 final locked policy ranking,three_bucket_capacity_band,0.3,593,1027,155,0.15092502434274585,0.26138279932546377,0.15092502434274585,0.5024047184697814,438,803,0.30040526849037485,0.6995947315096251,13,0.08280254777070063,1224,0.701797385620915,0.15892558723404684,0.3941132845297988,726.5,308.516210739615,593,0.5774099318403116,3162.418946301925,2.5,validation_candidate,False,same probability ranker as V2 locked manual-review policy,Three-bucket band; high-risk bucket cost included separately from manual review.,,,
heloc,validation,Best CatBoost probability ranking,top_k_review,0.05,99,1027,89,0.0866601752677702,0.898989898989899,0.0866601752677702,1.727951373520994,10,10,0.05015197568389058,0.9498480243161094,938,0.5002666666666666,0,,,,4739.5,51.506079027355625,99,0.09639727361246349,187.46960486322132,-4010.5,validation_candidate,False,,Top-K review only; no automatic high-risk rejection bucket.,,,
heloc,validation,Best CatBoost probability ranking,three_bucket_capacity_band,0.05,106,1027,20,0.019474196689386564,0.18867924528301888,0.019474196689386564,0.3626609836306517,86,771,0.05369807497467072,0.9463019250253293,22,0.1111111111111111,1670,0.5898203592814372,0.14262220120364874,0.1838099406672503,848.0,55.14792299898683,106,0.10321324245374879,4064.2603850050655,-119.0,validation_candidate,False,,Three-bucket band; high-risk bucket cost included separately from manual review.,,,
heloc,validation,Best CatBoost probability ranking,top_k_review,0.1,198,1027,174,0.1694255111976631,0.8787878787878788,0.1694255111976631,1.6891210055767019,24,24,0.10030395136778116,0.8996960486322189,853,0.4802927927927928,0,,,,4364.0,103.01215805471125,198,0.19279454722492698,354.93920972644355,-3635.0,validation_candidate,False,,Top-K review only; no automatic high-risk rejection bucket.,,,
heloc,validation,Best CatBoost probability ranking,three_bucket_capacity_band,0.1,198,1027,36,0.035053554040895815,0.18181818181818182,0.035053554040895815,0.349473311498628,162,791,0.10030395136778116,0.8996960486322189,17,0.09826589595375723,1603,0.6076107298814722,0.13303715430295734,0.21203947332875892,813.0,103.01215805471125,198,0.19279454722492698,3905.9392097264436,-84.0,validation_candidate,False,,Three-bucket band; high-risk bucket cost included separately from manual review.,,,
heloc,validation,Best CatBoost probability ranking,top_k_review,0.15,297,1027,260,0.25316455696202533,0.8754208754208754,0.25316455696202533,1.6826492775859865,37,37,0.15045592705167174,0.8495440729483282,767,0.4573643410852713,0,,,,3983.5,154.51823708206686,297,0.2891918208373905,527.4088145896658,-3254.5,validation_candidate,False,,Top-K review only; no automatic high-risk rejection bucket.,,,
heloc,validation,Best CatBoost probability ranking,three_bucket_capacity_band,0.15,298,1027,61,0.05939629990262902,0.20469798657718122,0.05939629990262902,0.3934506577442607,237,787,0.15096251266464034,0.8490374873353597,18,0.10112359550561797,1498,0.6328437917222964,0.13715364539952246,0.2594602612193749,789.0,155.03850050658562,298,0.2901655306718598,3719.8074974670717,-60.0,validation_candidate,False,,Three-bucket band; high-risk bucket cost included separately from manual review.,,,
heloc,validation,Best CatBoost probability ranking,top_k_review,0.2,395,1027,336,0.32716650438169426,0.850632911392405,0.32716650438169426,1.6350042522771253,59,59,0.2001013171225937,0.7998986828774063,691,0.4376187460417986,0,,,,3652.5,205.50405268490374,395,0.38461538461538464,652.4797365754812,-2923.5,validation_candidate,False,,Top-K review only; no automatic high-risk rejection bucket.,,,
heloc,validation,Best CatBoost probability ranking,three_bucket_capacity_band,0.2,417,1027,89,0.0866601752677702,0.21342925659472423,0.0866601752677702,0.4102330599006676,328,818,0.21124620060790272,0.7887537993920972,14,0.0979020979020979,1414,0.6534653465346535,0.13072164741550218,0.2924846008255538,768.5,216.9498480243161,417,0.4060370009737098,3490.2507598784196,-39.5,validation_candidate,False,,Three-bucket band; high-risk bucket cost included separately from manual review.,,,
heloc,validation,Best CatBoost probability ranking,top_k_review,0.25,494,1027,421,0.40993184031158714,0.8522267206477733,0.40993184031158714,1.6380677181681642,73,73,0.2502532928064843,0.7497467071935157,606,0.40945945945945944,0,,,,3277.0,257.01013171225935,494,0.4810126582278481,819.9493414387034,-2548.0,validation_candidate,False,,Top-K review only; no automatic high-risk rejection bucket.,,,
heloc,validation,Best CatBoost probability ranking,three_bucket_capacity_band,0.25,494,1027,119,0.11587147030185005,0.2408906882591093,0.11587147030185005,0.46301676594302027,375,791,0.2502532928064843,0.7497467071935157,17,0.09826589595375723,1307,0.6817138485080336,0.13303715430295734,0.33856544901065444,748.0,257.01013171225935,494,0.4810126582278481,3348.9493414387034,-19.0,validation_candidate,False,,Three-bucket band; high-risk bucket cost included separately from manual review.,,,
heloc,validation,Best CatBoost probability ranking,top_k_review,0.3,593,1027,495,0.4819863680623174,0.8347386172006745,0.4819863680623174,1.6044537783389792,98,98,0.30040526849037485,0.6995947315096251,532,0.38522809558291093,0,,,,2956.5,308.516210739615,593,0.5774099318403116,932.4189463019252,-2227.5,validation_candidate,False,,Top-K review only; no automatic high-risk rejection bucket.,,,
heloc,validation,Best CatBoost probability ranking,three_bucket_capacity_band,0.3,592,1027,144,0.14021421616358326,0.24324324324324326,0.14021421616358326,0.4675386194373537,448,836,0.2998986828774063,0.7001013171225937,11,0.09016393442622951,1260,0.692063492063492,0.1252530916113759,0.3685991059389446,739.0,307.99594731509626,592,0.5764362220058422,3152.020263424519,-10.0,validation_candidate,False,,Three-bucket band; high-risk bucket cost included separately from manual review.,,,
heloc,validation,Best Scorecard probability ranking,top_k_review,0.05,99,1027,88,0.08568646543330087,0.8888888888888888,0.08568646543330087,1.7085361895488478,11,11,0.05015197568389058,0.9498480243161094,939,0.5008,0,,,,4744.5,51.506079027355625,99,0.09639727361246349,182.46960486322132,-4015.5,validation_candidate,False,,Top-K review only; no automatic high-risk rejection bucket.,,,
heloc,validation,Best Scorecard probability ranking,three_bucket_capacity_band,0.05,99,1027,21,0.02044790652385589,0.21212121212121213,0.02044790652385589,0.40771886341506597,78,803,0.05015197568389058,0.9498480243161094,13,0.08280254777070063,1718,0.5779976717112922,0.15892558723404684,0.18904369563174528,839.5,51.506079027355625,99,0.09639727361246349,4087.4696048632213,-110.5,validation_candidate,False,,Three-bucket band; high-risk bucket cost included separately from manual review.,,,
heloc,validation,Best Scorecard probability ranking,top_k_review,0.1,198,1027,169,0.16455696202531644,0.8535353535353535,0.16455696202531644,1.6405830456463368,29,29,0.10030395136778116,0.8996960486322189,858,0.4831081081081081,0,,,,4389.0,103.01215805471125,198,0.19279454722492698,329.93920972644355,-3660.0,validation_candidate,False,,Top-K review only; no automatic high-risk rejection bucket.,,,
heloc,validation,Best Scorecard probability ranking,three_bucket_capacity_band,0.1,198,1027,36,0.035053554040895815,0.18181818181818182,0.035053554040895815,0.349473311498628,162,803,0.10030395136778116,0.8996960486322189,13,0.08280254777070063,1619,0.6040765904879555,0.15892558723404684,0.22047201673614972,805.0,103.01215805471125,198,0.19279454722492698,3913.9392097264436,-76.0,validation_candidate,False,,Three-bucket band; high-risk bucket cost included separately from manual review.,,,
heloc,validation,Best Scorecard probability ranking,top_k_review,0.15,297,1027,257,0.25024342745861733,0.8653198653198653,0.25024342745861733,1.6632340936138406,40,40,0.15045592705167174,0.8495440729483282,770,0.45915324985092426,0,,,,3998.5,154.51823708206686,297,0.2891918208373905,512.4088145896658,-3269.5,validation_candidate,False,,Top-K review only; no automatic high-risk rejection bucket.,,,
heloc,validation,Best Scorecard probability ranking,three_bucket_capacity_band,0.15,297,1027,60,0.05842259006815969,0.20202020202020202,0.05842259006815969,0.38830367944292,237,803,0.15045592705167174,0.8495440729483282,13,0.08280254777070063,1520,0.6276315789473684,0.15892558723404684,0.25825435471696584,779.5,154.51823708206686,297,0.2891918208373905,3731.408814589666,-50.5,validation_candidate,False,,Three-bucket band; high-risk bucket cost included separately from manual review.,,,
heloc,validation,Best Scorecard probability ranking,top_k_review,0.2,395,1027,337,0.3281402142161636,0.8531645569620253,0.3281402142161636,1.6398703363612834,58,58,0.2001013171225937,0.7998986828774063,690,0.4369854338188727,0,,,,3647.5,205.50405268490374,395,0.38461538461538464,657.4797365754812,-2918.5,validation_candidate,False,,Top-K review only; no automatic high-risk rejection bucket.,,,
heloc,validation,Best Scorecard probability ranking,three_bucket_capacity_band,0.2,395,1027,85,0.0827653359298929,0.21518987341772153,0.0827653359298929,0.41361714715343945,310,803,0.2001013171225937,0.7998986828774063,13,0.08280254777070063,1422,0.6533052039381153,0.15892558723404684,0.29641255047874554,755.5,205.50405268490374,395,0.38461538461538464,3549.479736575481,-26.5,validation_candidate,False,,Three-bucket band; high-risk bucket cost included separately from manual review.,,,
heloc,validation,Best Scorecard probability ranking,top_k_review,0.25,494,1027,420,0.4089581304771178,0.8502024291497976,0.4089581304771178,1.6341768209753658,74,74,0.2502532928064843,0.7497467071935157,607,0.4101351351351351,0,,,,3282.0,257.01013171225935,494,0.4810126582278481,814.9493414387034,-2553.0,validation_candidate,False,,Top-K review only; no automatic high-risk rejection bucket.,,,
heloc,validation,Best Scorecard probability ranking,three_bucket_capacity_band,0.25,494,1027,119,0.11587147030185005,0.2408906882591093,0.11587147030185005,0.46301676594302027,375,803,0.2502532928064843,0.7497467071935157,13,0.08280254777070063,1323,0.6764928193499622,0.15892558723404684,0.34292413360787627,740.0,257.01013171225935,494,0.4810126582278481,3356.9493414387034,-11.0,validation_candidate,False,,Three-bucket band; high-risk bucket cost included separately from manual review.,,,
heloc,validation,Best Scorecard probability ranking,top_k_review,0.3,593,1027,498,0.48490749756572543,0.8397976391231029,0.48490749756572543,1.6141777406319429,95,95,0.30040526849037485,0.6995947315096251,529,0.38305575669804487,0,,,,2941.5,308.516210739615,593,0.5774099318403116,947.4189463019252,-2212.5,validation_candidate,False,,Top-K review only; no automatic high-risk rejection bucket.,,,
heloc,validation,Best Scorecard probability ranking,three_bucket_capacity_band,0.3,593,1027,155,0.15092502434274585,0.26138279932546377,0.15092502434274585,0.5024047184697814,438,803,0.30040526849037485,0.6995947315096251,13,0.08280254777070063,1224,0.701797385620915,0.15892558723404684,0.3941132845297988,726.5,308.516210739615,593,0.5774099318403116,3162.418946301925,2.5,validation_candidate,False,,Three-bucket band; high-risk bucket cost included separately from manual review.,,,
heloc,validation,Best literature reproduction model,top_k_review,0.05,99,1027,89,0.0866601752677702,0.898989898989899,0.0866601752677702,1.727951373520994,10,10,0.05015197568389058,0.9498480243161094,938,0.5002666666666666,0,,,,4739.5,51.506079027355625,99,0.09639727361246349,187.46960486322132,-4010.5,validation_candidate,False,Best literature reproduction: CatBoost Balanced proxy,Top-K review only; no automatic high-risk rejection bucket.,,,
heloc,validation,Best literature reproduction model,three_bucket_capacity_band,0.05,106,1027,20,0.019474196689386564,0.18867924528301888,0.019474196689386564,0.3626609836306517,86,771,0.05369807497467072,0.9463019250253293,22,0.1111111111111111,1670,0.5898203592814372,0.14262220120364874,0.1838099406672503,848.0,55.14792299898683,106,0.10321324245374879,4064.2603850050655,-119.0,validation_candidate,False,Best literature reproduction: CatBoost Balanced proxy,Three-bucket band; high-risk bucket cost included separately from manual review.,,,
heloc,validation,Best literature reproduction model,top_k_review,0.1,198,1027,174,0.1694255111976631,0.8787878787878788,0.1694255111976631,1.6891210055767019,24,24,0.10030395136778116,0.8996960486322189,853,0.4802927927927928,0,,,,4364.0,103.01215805471125,198,0.19279454722492698,354.93920972644355,-3635.0,validation_candidate,False,Best literature reproduction: CatBoost Balanced proxy,Top-K review only; no automatic high-risk rejection bucket.,,,
heloc,validation,Best literature reproduction model,three_bucket_capacity_band,0.1,198,1027,36,0.035053554040895815,0.18181818181818182,0.035053554040895815,0.349473311498628,162,791,0.10030395136778116,0.8996960486322189,17,0.09826589595375723,1603,0.6076107298814722,0.13303715430295734,0.21203947332875892,813.0,103.01215805471125,198,0.19279454722492698,3905.9392097264436,-84.0,validation_candidate,False,Best literature reproduction: CatBoost Balanced proxy,Three-bucket band; high-risk bucket cost included separately from manual review.,,,
heloc,validation,Best literature reproduction model,top_k_review,0.15,297,1027,260,0.25316455696202533,0.8754208754208754,0.25316455696202533,1.6826492775859865,37,37,0.15045592705167174,0.8495440729483282,767,0.4573643410852713,0,,,,3983.5,154.51823708206686,297,0.2891918208373905,527.4088145896658,-3254.5,validation_candidate,False,Best literature reproduction: CatBoost Balanced proxy,Top-K review only; no automatic high-risk rejection bucket.,,,
heloc,validation,Best literature reproduction model,three_bucket_capacity_band,0.15,298,1027,61,0.05939629990262902,0.20469798657718122,0.05939629990262902,0.3934506577442607,237,787,0.15096251266464034,0.8490374873353597,18,0.10112359550561797,1498,0.6328437917222964,0.13715364539952246,0.2594602612193749,789.0,155.03850050658562,298,0.2901655306718598,3719.8074974670717,-60.0,validation_candidate,False,Best literature reproduction: CatBoost Balanced proxy,Three-bucket band; high-risk bucket cost included separately from manual review.,,,
heloc,validation,Best literature reproduction model,top_k_review,0.2,395,1027,336,0.32716650438169426,0.850632911392405,0.32716650438169426,1.6350042522771253,59,59,0.2001013171225937,0.7998986828774063,691,0.4376187460417986,0,,,,3652.5,205.50405268490374,395,0.38461538461538464,652.4797365754812,-2923.5,validation_candidate,False,Best literature reproduction: CatBoost Balanced proxy,Top-K review only; no automatic high-risk rejection bucket.,,,
heloc,validation,Best literature reproduction model,three_bucket_capacity_band,0.2,417,1027,89,0.0866601752677702,0.21342925659472423,0.0866601752677702,0.4102330599006676,328,818,0.21124620060790272,0.7887537993920972,14,0.0979020979020979,1414,0.6534653465346535,0.13072164741550218,0.2924846008255538,768.5,216.9498480243161,417,0.4060370009737098,3490.2507598784196,-39.5,validation_candidate,False,Best literature reproduction: CatBoost Balanced proxy,Three-bucket band; high-risk bucket cost included separately from manual review.,,,
heloc,validation,Best literature reproduction model,top_k_review,0.25,494,1027,421,0.40993184031158714,0.8522267206477733,0.40993184031158714,1.6380677181681642,73,73,0.2502532928064843,0.7497467071935157,606,0.40945945945945944,0,,,,3277.0,257.01013171225935,494,0.4810126582278481,819.9493414387034,-2548.0,validation_candidate,False,Best literature reproduction: CatBoost Balanced proxy,Top-K review only; no automatic high-risk rejection bucket.,,,
heloc,validation,Best literature reproduction model,three_bucket_capacity_band,0.25,494,1027,119,0.11587147030185005,0.2408906882591093,0.11587147030185005,0.46301676594302027,375,791,0.2502532928064843,0.7497467071935157,17,0.09826589595375723,1307,0.6817138485080336,0.13303715430295734,0.33856544901065444,748.0,257.01013171225935,494,0.4810126582278481,3348.9493414387034,-19.0,validation_candidate,False,Best literature reproduction: CatBoost Balanced proxy,Three-bucket band; high-risk bucket cost included separately from manual review.,,,
heloc,validation,Best literature reproduction model,top_k_review,0.3,593,1027,495,0.4819863680623174,0.8347386172006745,0.4819863680623174,1.6044537783389792,98,98,0.30040526849037485,0.6995947315096251,532,0.38522809558291093,0,,,,2956.5,308.516210739615,593,0.5774099318403116,932.4189463019252,-2227.5,validation_candidate,False,Best literature reproduction: CatBoost Balanced proxy,Top-K review only; no automatic high-risk rejection bucket.,,,
heloc,validation,Best literature reproduction model,three_bucket_capacity_band,0.3,592,1027,144,0.14021421616358326,0.24324324324324326,0.14021421616358326,0.4675386194373537,448,836,0.2998986828774063,0.7001013171225937,11,0.09016393442622951,1260,0.692063492063492,0.1252530916113759,0.3685991059389446,739.0,307.99594731509626,592,0.5764362220058422,3152.020263424519,-10.0,validation_candidate,False,Best literature reproduction: CatBoost Balanced proxy,Three-bucket band; high-risk bucket cost included separately from manual review.,,,
heloc,validation,SCRE-Optimized probability ranking,top_k_review,0.05,99,1027,95,0.09250243427458617,0.9595959595959596,0.09250243427458617,1.84444247735387,4,4,0.05015197568389058,0.9498480243161094,932,0.49706666666666666,0,,,,4709.5,51.506079027355625,99,0.09639727361246349,217.46960486322132,-3980.5,validation_candidate,False,weights renormalized over available components,Top-K review only; no automatic high-risk rejection bucket.,,,
heloc,validation,SCRE-Optimized probability ranking,three_bucket_capacity_band,0.05,99,1027,23,0.022395326192794548,0.23232323232323232,0.022395326192794548,0.446549231359358,76,741,0.05015197568389058,0.9498480243161094,14,0.06363636363636363,1655,0.5981873111782477,0.3065857226250838,0.3356522179562033,784.5,51.506079027355625,99,0.09639727361246349,4142.469604863221,-55.5,validation_candidate,False,weights renormalized over available components,Three-bucket band; high-risk bucket cost included separately from manual review.,,,
heloc,validation,SCRE-Optimized probability ranking,top_k_review,0.1,198,1027,187,0.18208373904576436,0.9444444444444444,0.18208373904576436,1.8153197013956508,11,11,0.10030395136778116,0.8996960486322189,840,0.47297297297297297,0,,,,4299.0,103.01215805471125,198,0.19279454722492698,419.93920972644355,-3570.0,validation_candidate,False,weights renormalized over available components,Top-K review only; no automatic high-risk rejection bucket.,,,
heloc,validation,SCRE-Optimized probability ranking,three_bucket_capacity_band,0.1,198,1027,41,0.03992210321324245,0.20707070707070707,0.03992210321324245,0.39801127142899295,157,741,0.10030395136778116,0.8996960486322189,14,0.06363636363636363,1556,0.6246786632390745,0.3065857226250838,0.36711735087173114,753.0,103.01215805471125,198,0.19279454722492698,3965.9392097264436,-24.0,validation_candidate,False,weights renormalized over available components,Three-bucket band; high-risk bucket cost included separately from manual review.,,,
heloc,validation,SCRE-Optimized probability ranking,top_k_review,0.15,297,1027,271,0.2638753651411879,0.9124579124579124,0.2638753651411879,1.7538382854838552,26,26,0.15045592705167174,0.8495440729483282,756,0.45080500894454384,0,,,,3928.5,154.51823708206686,297,0.2891918208373905,582.4088145896658,-3199.5,validation_candidate,False,weights renormalized over available components,Top-K review only; no automatic high-risk rejection bucket.,,,
heloc,validation,SCRE-Optimized probability ranking,three_bucket_capacity_band,0.15,297,1027,65,0.06329113924050633,0.21885521885521886,0.06329113924050633,0.4206623193964966,232,741,0.15045592705167174,0.8495440729483282,14,0.06363636363636363,1457,0.6506520247083047,0.3065857226250838,0.4005721434100962,727.5,154.51823708206686,297,0.2891918208373905,3783.408814589666,1.5,validation_candidate,False,weights renormalized over available components,Three-bucket band; high-risk bucket cost included separately from manual review.,,,
heloc,validation,SCRE-Optimized probability ranking,top_k_review,0.2,395,1027,349,0.33982473222979553,0.8835443037974684,0.33982473222979553,1.6982633453711808,46,46,0.2001013171225937,0.7998986828774063,678,0.42938568714376185,0,,,,3587.5,205.50405268490374,395,0.38461538461538464,717.4797365754812,-2858.5,validation_candidate,False,weights renormalized over available components,Top-K review only; no automatic high-risk rejection bucket.,,,
heloc,validation,SCRE-Optimized probability ranking,three_bucket_capacity_band,0.2,395,1027,90,0.08763388510223953,0.22784810126582278,0.08763388510223953,0.43794756757423,305,741,0.2001013171225937,0.7998986828774063,14,0.06363636363636363,1359,0.6791758646063282,0.3065857226250838,0.43797722060077293,703.5,205.50405268490374,395,0.38461538461538464,3601.479736575481,25.5,validation_candidate,False,weights renormalized over available components,Three-bucket band; high-risk bucket cost included separately from manual review.,,,
heloc,validation,SCRE-Optimized probability ranking,top_k_review,0.25,494,1027,430,0.4186952288218111,0.8704453441295547,0.4186952288218111,1.6730857929033505,64,64,0.2502532928064843,0.7497467071935157,597,0.40337837837837837,0,,,,3232.0,257.01013171225935,494,0.4810126582278481,864.9493414387034,-2503.0,validation_candidate,False,weights renormalized over available components,Top-K review only; no automatic high-risk rejection bucket.,,,
heloc,validation,SCRE-Optimized probability ranking,three_bucket_capacity_band,0.25,494,1027,131,0.12755598831548198,0.2651821862348178,0.12755598831548198,0.5097075322566021,363,741,0.2502532928064843,0.7497467071935157,14,0.06363636363636363,1260,0.7,0.3065857226250838,0.4825029085110545,695.0,257.01013171225935,494,0.4810126582278481,3401.9493414387034,34.0,validation_candidate,False,weights renormalized over available components,Three-bucket band; high-risk bucket cost included separately from manual review.,,,
heloc,validation,SCRE-Optimized probability ranking,top_k_review,0.3,593,1027,513,0.49951314508276534,0.8650927487352446,0.49951314508276534,1.6627975520967604,80,80,0.30040526849037485,0.6995947315096251,514,0.3721940622737147,0,,,,2866.5,308.516210739615,593,0.5774099318403116,1022.4189463019252,-2137.5,validation_candidate,False,weights renormalized over available components,Top-K review only; no automatic high-risk rejection bucket.,,,
heloc,validation,SCRE-Optimized probability ranking,three_bucket_capacity_band,0.3,593,1027,175,0.17039922103213243,0.2951096121416526,0.17039922103213243,0.5672311337562047,418,741,0.30040526849037485,0.6995947315096251,14,0.06363636363636363,1161,0.7217915590008613,0.3065857226250838,0.5345739994528974,689.5,308.516210739615,593,0.5774099318403116,3199.418946301925,39.5,validation_candidate,False,weights renormalized over available components,Three-bucket band; high-risk bucket cost included separately from manual review.,,,
heloc,validation,SCRE-Pareto probability ranking,top_k_review,0.05,99,1027,91,0.08860759493670886,0.9191919191919192,0.08860759493670886,1.766781741465286,8,8,0.05015197568389058,0.9498480243161094,936,0.4992,0,,,,4729.5,51.506079027355625,99,0.09639727361246349,197.46960486322132,-4000.5,validation_candidate,False,weights renormalized over available components,Top-K review only; no automatic high-risk rejection bucket.,,,
heloc,validation,SCRE-Pareto probability ranking,three_bucket_capacity_band,0.05,99,1027,22,0.021421616358325218,0.2222222222222222,0.021421616358325218,0.42713404738721195,77,762,0.05015197568389058,0.9498480243161094,20,0.0975609756097561,1670,0.5898203592814372,0.18333584791028043,0.21892666581793535,834.5,51.506079027355625,99,0.09639727361246349,4092.4696048632213,-105.5,validation_candidate,False,weights renormalized over available components,Three-bucket band; high-risk bucket cost included separately from manual review.,,,
heloc,validation,SCRE-Pareto probability ranking,top_k_review,0.1,198,1027,179,0.17429406037000975,0.9040404040404041,0.17429406037000975,1.7376589655070669,19,19,0.10030395136778116,0.8996960486322189,848,0.4774774774774775,0,,,,4339.0,103.01215805471125,198,0.19279454722492698,379.93920972644355,-3610.0,validation_candidate,False,weights renormalized over available components,Top-K review only; no automatic high-risk rejection bucket.,,,
heloc,validation,SCRE-Pareto probability ranking,three_bucket_capacity_band,0.1,198,1027,33,0.03213242453748783,0.16666666666666666,0.03213242453748783,0.320350535540409,165,769,0.10030395136778116,0.8996960486322189,19,0.09644670050761421,1579,0.6174794173527549,0.18224073672793595,0.2483264358160483,798.0,103.01215805471125,198,0.19279454722492698,3920.9392097264436,-69.0,validation_candidate,False,weights renormalized over available components,Three-bucket band; high-risk bucket cost included separately from manual review.,,,
heloc,validation,SCRE-Pareto probability ranking,top_k_review,0.15,297,1027,264,0.25705939629990265,0.8888888888888888,0.25705939629990265,1.7085361895488478,33,33,0.15045592705167174,0.8495440729483282,763,0.45497912939773405,0,,,,3963.5,154.51823708206686,297,0.2891918208373905,547.4088145896658,-3234.5,validation_candidate,False,weights renormalized over available components,Top-K review only; no automatic high-risk rejection bucket.,,,
heloc,validation,SCRE-Pareto probability ranking,three_bucket_capacity_band,0.15,297,1027,62,0.06037000973709834,0.20875420875420875,0.06037000973709834,0.40124713542435064,235,762,0.15045592705167174,0.8495440729483282,20,0.0975609756097561,1472,0.641983695652174,0.18333584791028043,0.29223036383352174,775.5,154.51823708206686,297,0.2891918208373905,3735.408814589666,-46.5,validation_candidate,False,weights renormalized over available components,Three-bucket band; high-risk bucket cost included separately from manual review.,,,
heloc,validation,SCRE-Pareto probability ranking,top_k_review,0.2,395,1027,343,0.3339824732229795,0.8683544303797468,0.3339824732229795,1.6690668408662321,52,52,0.2001013171225937,0.7998986828774063,684,0.4331855604813173,0,,,,3617.5,205.50405268490374,395,0.38461538461538464,687.4797365754812,-2888.5,validation_candidate,False,weights renormalized over available components,Top-K review only; no automatic high-risk rejection bucket.,,,
heloc,validation,SCRE-Pareto probability ranking,three_bucket_capacity_band,0.2,395,1027,83,0.08081791626095423,0.21012658227848102,0.08081791626095423,0.4038849789851232,312,776,0.2001013171225937,0.7998986828774063,18,0.09523809523809523,1390,0.6661870503597123,0.18014781460472262,0.3287644614806855,751.5,205.50405268490374,395,0.38461538461538464,3553.479736575481,-22.5,validation_candidate,False,weights renormalized over available components,Three-bucket band; high-risk bucket cost included separately from manual review.,,,
heloc,validation,SCRE-Pareto probability ranking,top_k_review,0.25,494,1027,425,0.41382667964946446,0.8603238866396761,0.41382667964946446,1.653631306939358,69,69,0.2502532928064843,0.7497467071935157,602,0.40675675675675677,0,,,,3257.0,257.01013171225935,494,0.4810126582278481,839.9493414387034,-2528.0,validation_candidate,False,weights renormalized over available components,Top-K review only; no automatic high-risk rejection bucket.,,,
heloc,validation,SCRE-Pareto probability ranking,three_bucket_capacity_band,0.25,494,1027,112,0.10905550146056475,0.22672064777327935,0.10905550146056475,0.43578048559343086,382,810,0.2502532928064843,0.7497467071935157,13,0.08666666666666667,1330,0.6781954887218045,0.17024811591901384,0.35738857460352974,740.0,257.01013171225935,494,0.4810126582278481,3356.9493414387034,-11.0,validation_candidate,False,weights renormalized over available components,Three-bucket band; high-risk bucket cost included separately from manual review.,,,
heloc,validation,SCRE-Pareto probability ranking,top_k_review,0.3,593,1027,503,0.48977604673807207,0.8482293423271501,0.48977604673807207,1.6303843444535486,90,90,0.30040526849037485,0.6995947315096251,524,0.37943519188993485,0,,,,2916.5,308.516210739615,593,0.5774099318403116,972.4189463019252,-2187.5,validation_candidate,False,weights renormalized over available components,Top-K review only; no automatic high-risk rejection bucket.,,,
heloc,validation,SCRE-Pareto probability ranking,three_bucket_capacity_band,0.3,593,1027,151,0.14703018500486856,0.25463743676222594,0.14703018500486856,0.4894394354124966,442,810,0.30040526849037485,0.6995947315096251,13,0.08666666666666667,1231,0.7010560519902518,0.17024811591901384,0.40943303625330363,729.5,308.516210739615,593,0.5774099318403116,3159.418946301925,-0.5,validation_candidate,False,weights renormalized over available components,Three-bucket band; high-risk bucket cost included separately from manual review.,,,
heloc,validation,Best EBM/monotonic model: EBM,top_k_review,0.05,99,1027,87,0.08471275559883155,0.8787878787878788,0.08471275559883155,1.6891210055767019,12,12,0.05015197568389058,0.9498480243161094,940,0.5013333333333333,0,,,,4749.5,51.506079027355625,99,0.09639727361246349,177.46960486322132,-4020.5,validation_candidate,False,,Top-K review only; no automatic high-risk rejection bucket.,,,
heloc,validation,Best EBM/monotonic model: EBM,three_bucket_capacity_band,0.05,321,1027,52,0.05063291139240506,0.16199376947040497,0.05063291139240506,0.31136874482432275,269,897,0.16261398176291794,0.837386018237082,7,0.12280701754385964,1596,0.606516290726817,0.15436241610738255,0.23076923076923078,823.5,167.00455927051672,321,0.31256085686465435,3636.977203647417,-94.5,validation_candidate,False,,Three-bucket band; high-risk bucket cost included separately from manual review.,,,
heloc,validation,Best EBM/monotonic model: EBM,top_k_review,0.1,198,1027,174,0.1694255111976631,0.8787878787878788,0.1694255111976631,1.6891210055767019,24,24,0.10030395136778116,0.8996960486322189,853,0.4802927927927928,0,,,,4364.0,103.01215805471125,198,0.19279454722492698,354.93920972644355,-3635.0,validation_candidate,False,,Top-K review only; no automatic high-risk rejection bucket.,,,
heloc,validation,Best EBM/monotonic model: EBM,three_bucket_capacity_band,0.1,424,1027,71,0.0691333982473223,0.16745283018867924,0.0691333982473223,0.32186162297220333,353,897,0.21479229989868287,0.7852077001013171,7,0.12280701754385964,1493,0.6356329537843268,0.15436241610738255,0.31612903225806455,791.0,220.59169199594731,424,0.41285296981499514,3453.0415400202637,-62.0,validation_candidate,False,,Three-bucket band; high-risk bucket cost included separately from manual review.,,,
heloc,validation,Best EBM/monotonic model: EBM,top_k_review,0.15,297,1027,264,0.25705939629990265,0.8888888888888888,0.25705939629990265,1.7085361895488478,33,33,0.15045592705167174,0.8495440729483282,763,0.45497912939773405,0,,,,3963.5,154.51823708206686,297,0.2891918208373905,547.4088145896658,-3234.5,validation_candidate,False,,Top-K review only; no automatic high-risk rejection bucket.,,,
heloc,validation,Best EBM/monotonic model: EBM,three_bucket_capacity_band,0.15,424,1027,71,0.0691333982473223,0.16745283018867924,0.0691333982473223,0.32186162297220333,353,897,0.21479229989868287,0.7852077001013171,7,0.12280701754385964,1493,0.6356329537843268,0.15436241610738255,0.31612903225806455,791.0,220.59169199594731,424,0.41285296981499514,3453.0415400202637,-62.0,validation_candidate,False,,Three-bucket band; high-risk bucket cost included separately from manual review.,,,
heloc,validation,Best EBM/monotonic model: EBM,top_k_review,0.2,395,1027,347,0.33787731256085685,0.8784810126582279,0.33787731256085685,1.6885311772028646,48,48,0.2001013171225937,0.7998986828774063,680,0.4306523115896137,0,,,,3597.5,205.50405268490374,395,0.38461538461538464,707.4797365754812,-2868.5,validation_candidate,False,,Top-K review only; no automatic high-risk rejection bucket.,,,
heloc,validation,Best EBM/monotonic model: EBM,three_bucket_capacity_band,0.2,424,1027,71,0.0691333982473223,0.16745283018867924,0.0691333982473223,0.32186162297220333,353,897,0.21479229989868287,0.7852077001013171,7,0.12280701754385964,1493,0.6356329537843268,0.15436241610738255,0.31612903225806455,791.0,220.59169199594731,424,0.41285296981499514,3453.0415400202637,-62.0,validation_candidate,False,,Three-bucket band; high-risk bucket cost included separately from manual review.,,,
heloc,validation,Best EBM/monotonic model: EBM,top_k_review,0.25,494,1027,419,0.4079844206426485,0.8481781376518218,0.4079844206426485,1.630285923782567,75,75,0.2502532928064843,0.7497467071935157,608,0.41081081081081083,0,,,,3287.0,257.01013171225935,494,0.4810126582278481,809.9493414387034,-2558.0,validation_candidate,False,,Top-K review only; no automatic high-risk rejection bucket.,,,
heloc,validation,Best EBM/monotonic model: EBM,three_bucket_capacity_band,0.25,687,1027,158,0.15384615384615385,0.22998544395924309,0.15384615384615385,0.4420557608330534,529,897,0.34802431610942247,0.6519756838905775,7,0.12280701754385964,1230,0.7008130081300813,0.15436241610738255,0.3684210526315789,746.5,357.4209726443769,687,0.6689386562804285,2944.8951367781156,-17.5,validation_candidate,False,,Three-bucket band; high-risk bucket cost included separately from manual review.,,,
heloc,validation,Best EBM/monotonic model: EBM,top_k_review,0.3,593,1027,494,0.4810126582278481,0.8330522765598651,0.4810126582278481,1.601212457574658,99,99,0.30040526849037485,0.6995947315096251,533,0.38595220854453294,0,,,,2961.5,308.516210739615,593,0.5774099318403116,927.4189463019252,-2232.5,validation_candidate,False,,Top-K review only; no automatic high-risk rejection bucket.,,,
heloc,validation,Best EBM/monotonic model: EBM,three_bucket_capacity_band,0.3,687,1027,158,0.15384615384615385,0.22998544395924309,0.15384615384615385,0.4420557608330534,529,897,0.34802431610942247,0.6519756838905775,7,0.12280701754385964,1230,0.7008130081300813,0.15436241610738255,0.3684210526315789,746.5,357.4209726443769,687,0.6689386562804285,2944.8951367781156,-17.5,validation_candidate,False,,Three-bucket band; high-risk bucket cost included separately from manual review.,,,
heloc,locked_test,SCRE-Optimized probability ranking,top_k_review,0.2,395,1028,348,0.33852140077821014,0.8810126582278481,0.33852140077821014,1.6926070038910508,47,47,0.2,0.8,680,0.43037974683544306,0,,,,3597.5,205.6,395,0.3842412451361868,712.0,-2833.0,locked_test_evaluation,False,weights renormalized over available components,Top-K review only; no automatic high-risk rejection bucket.,SCRE-Optimized probability ranking,top_k_review,0.2
heloc,locked_test,SCRE-Optimized probability ranking,three_bucket_capacity_band,0.2,355,1028,78,0.07587548638132295,0.21971830985915494,0.07587548638132295,0.422124184797501,277,765,0.17974683544303796,0.8202531645569621,27,0.1291866028708134,1411,0.6541459957476967,0.3065857226250838,0.43797722060077293,800.5,184.77974683544304,355,0.3453307392996109,3593.1012658227846,-36.0,locked_test_evaluation,False,weights renormalized over available components,Three-bucket band; high-risk bucket cost included separately from manual review.,SCRE-Optimized probability ranking,three_bucket_capacity_band,0.2
heloc,locked_test,SCRE-Optimized probability ranking,top_k_review,0.25,494,1028,423,0.41147859922178986,0.8562753036437247,0.41147859922178986,1.645081444257156,71,71,0.250126582278481,0.7498734177215189,605,0.4085077650236327,0,,,,3272.0,257.1301265822785,494,0.4805447470817121,829.3493670886073,-2507.5,locked_test_evaluation,False,weights renormalized over available components,Top-K review only; no automatic high-risk rejection bucket.,SCRE-Optimized probability ranking,top_k_review,0.25
heloc,locked_test,SCRE-Optimized probability ranking,three_bucket_capacity_band,0.25,471,1028,116,0.11284046692607004,0.24628450106157113,0.11284046692607004,0.47316331672821305,355,765,0.23848101265822785,0.7615189873417721,27,0.1291866028708134,1295,0.6833976833976834,0.3065857226250838,0.4825029085110545,780.5,245.15848101265823,471,0.4581712062256809,3369.207594936708,-16.0,locked_test_evaluation,False,weights renormalized over available components,Three-bucket band; high-risk bucket cost included separately from manual review.,SCRE-Optimized probability ranking,three_bucket_capacity_band,0.25
